INSERT INTO `users` (`id`, `first_name`, `last_name`, `birthday`, `gender`, `email`, `phone`, `created_at`, `updated_at`) VALUES (1, 'Jena', 'Becker', '2011-01-30', 'F', 'stoltenberg.rafaela@example.com', '01729509267', '1996-01-02 23:36:07', '1999-07-12 10:29:59');
INSERT INTO `users` (`id`, `first_name`, `last_name`, `birthday`, `gender`, `email`, `phone`, `created_at`, `updated_at`) VALUES (2, 'Aglae', 'Mann', '1975-04-13', 'F', 'waufderhar@example.net', '+02(2)489196', '2012-09-06 20:53:06', '1987-05-01 07:40:02');
INSERT INTO `users` (`id`, `first_name`, `last_name`, `birthday`, `gender`, `email`, `phone`, `created_at`, `updated_at`) VALUES (3, 'Belle', 'Goyette', '1974-10-02', 'M', 'esteban22@example.com', '+80(7)685290', '2008-04-19 14:54:52', '2021-02-11 15:39:02');
INSERT INTO `users` (`id`, `first_name`, `last_name`, `birthday`, `gender`, `email`, `phone`, `created_at`, `updated_at`) VALUES (4, 'Nola', 'Mraz', '1975-07-11', 'M', 'brando.schinner@example.com', '732.553.9170', '1989-12-11 08:30:08', '1984-05-27 06:17:04');
INSERT INTO `users` (`id`, `first_name`, `last_name`, `birthday`, `gender`, `email`, `phone`, `created_at`, `updated_at`) VALUES (5, 'Marshall', 'Nikolaus', '2006-12-24', 'M', 'hudson.hertha@example.org', '08579500564', '2014-06-06 16:17:23', '1972-09-13 13:31:30');
INSERT INTO `users` (`id`, `first_name`, `last_name`, `birthday`, `gender`, `email`, `phone`, `created_at`, `updated_at`) VALUES (6, 'Katherine', 'Zieme', '1984-05-18', 'M', 'gabe88@example.org', '354.710.8156', '1980-06-14 02:39:41', '2007-03-15 09:27:58');
INSERT INTO `users` (`id`, `first_name`, `last_name`, `birthday`, `gender`, `email`, `phone`, `created_at`, `updated_at`) VALUES (7, 'Mohammad', 'Ritchie', '1994-11-01', 'M', 'amir.koch@example.net', '039.474.7049', '2019-08-19 05:44:30', '1981-08-21 16:39:06');
INSERT INTO `users` (`id`, `first_name`, `last_name`, `birthday`, `gender`, `email`, `phone`, `created_at`, `updated_at`) VALUES (8, 'Shyann', 'Bauch', '2009-10-14', 'M', 'schowalter.jaunita@example.org', '562-270-5219', '1994-08-06 15:30:18', '2015-12-17 00:07:30');
INSERT INTO `users` (`id`, `first_name`, `last_name`, `birthday`, `gender`, `email`, `phone`, `created_at`, `updated_at`) VALUES (9, 'Isobel', 'Schaden', '1979-07-24', 'M', 'jack74@example.com', '(099)116-005', '1997-05-12 16:11:55', '1993-07-11 14:28:22');
INSERT INTO `users` (`id`, `first_name`, `last_name`, `birthday`, `gender`, `email`, `phone`, `created_at`, `updated_at`) VALUES (10, 'Griffin', 'Schiller', '2019-12-07', 'F', 'daphney43@example.com', '1-870-266-62', '2019-12-16 12:36:38', '1999-01-27 03:10:32');
INSERT INTO `users` (`id`, `first_name`, `last_name`, `birthday`, `gender`, `email`, `phone`, `created_at`, `updated_at`) VALUES (11, 'Lawrence', 'Kerluke', '1989-03-16', 'M', 'hirthe.justus@example.net', '361.053.5598', '2014-04-16 04:03:55', '2002-05-27 13:18:19');
INSERT INTO `users` (`id`, `first_name`, `last_name`, `birthday`, `gender`, `email`, `phone`, `created_at`, `updated_at`) VALUES (12, 'Karl', 'Yundt', '1975-11-15', 'M', 'vonrueden.eloisa@example.com', '(301)920-709', '1994-07-24 22:52:18', '1983-07-14 07:57:38');
INSERT INTO `users` (`id`, `first_name`, `last_name`, `birthday`, `gender`, `email`, `phone`, `created_at`, `updated_at`) VALUES (13, 'Billy', 'Kshlerin', '1994-08-24', 'M', 'izabella.labadie@example.org', '(643)672-568', '1989-10-30 07:22:08', '1984-10-11 14:51:28');
INSERT INTO `users` (`id`, `first_name`, `last_name`, `birthday`, `gender`, `email`, `phone`, `created_at`, `updated_at`) VALUES (14, 'Kayley', 'Tillman', '1979-01-18', 'F', 'koelpin.maurine@example.net', '720-411-0989', '1977-02-13 09:33:43', '2009-08-05 10:58:30');
INSERT INTO `users` (`id`, `first_name`, `last_name`, `birthday`, `gender`, `email`, `phone`, `created_at`, `updated_at`) VALUES (15, 'Morton', 'Stiedemann', '1999-10-29', 'F', 'anika.emmerich@example.net', '1-870-260-53', '2019-07-13 10:54:39', '2000-05-22 16:57:41');
INSERT INTO `users` (`id`, `first_name`, `last_name`, `birthday`, `gender`, `email`, `phone`, `created_at`, `updated_at`) VALUES (16, 'Vivien', 'Mills', '1981-07-12', 'M', 'hayes.genevieve@example.net', '06291180943', '2012-12-05 04:05:37', '2006-05-20 00:30:53');
INSERT INTO `users` (`id`, `first_name`, `last_name`, `birthday`, `gender`, `email`, `phone`, `created_at`, `updated_at`) VALUES (17, 'Rubie', 'Hills', '2009-02-13', 'M', 'wilkinson.neva@example.net', '580.402.5364', '2002-02-15 04:19:21', '1998-04-14 00:14:45');
INSERT INTO `users` (`id`, `first_name`, `last_name`, `birthday`, `gender`, `email`, `phone`, `created_at`, `updated_at`) VALUES (18, 'Jane', 'Koch', '1984-11-26', 'F', 'annamarie.herman@example.net', '096.920.1544', '1987-12-25 01:18:08', '2018-05-07 09:35:03');
INSERT INTO `users` (`id`, `first_name`, `last_name`, `birthday`, `gender`, `email`, `phone`, `created_at`, `updated_at`) VALUES (19, 'Reid', 'Lakin', '1995-05-17', 'F', 'heaven.mckenzie@example.org', '800-738-2508', '2008-11-11 22:27:05', '2004-05-01 20:46:50');
INSERT INTO `users` (`id`, `first_name`, `last_name`, `birthday`, `gender`, `email`, `phone`, `created_at`, `updated_at`) VALUES (20, 'Marilie', 'Keeling', '1983-06-28', 'F', 'hjohnson@example.net', '1-729-173-50', '2020-06-08 23:21:10', '1972-07-07 13:18:17');
INSERT INTO `users` (`id`, `first_name`, `last_name`, `birthday`, `gender`, `email`, `phone`, `created_at`, `updated_at`) VALUES (21, 'Ansley', 'Turcotte', '2015-02-22', 'F', 'beier.lucio@example.org', '1-257-043-97', '1982-10-14 01:56:58', '2018-02-24 20:09:42');
INSERT INTO `users` (`id`, `first_name`, `last_name`, `birthday`, `gender`, `email`, `phone`, `created_at`, `updated_at`) VALUES (22, 'Cary', 'Little', '1976-10-10', 'F', 'cornell32@example.org', '(468)066-797', '1981-07-28 08:20:19', '1973-10-26 03:54:28');
INSERT INTO `users` (`id`, `first_name`, `last_name`, `birthday`, `gender`, `email`, `phone`, `created_at`, `updated_at`) VALUES (23, 'Stuart', 'Wiegand', '2019-02-04', 'F', 'kyla.quitzon@example.net', '09674097532', '2013-09-30 13:15:54', '1979-09-19 18:06:31');
INSERT INTO `users` (`id`, `first_name`, `last_name`, `birthday`, `gender`, `email`, `phone`, `created_at`, `updated_at`) VALUES (24, 'Elias', 'Bode', '2006-10-14', 'M', 'cronin.hyman@example.com', '02906812199', '1989-06-01 19:01:43', '1988-12-25 03:46:33');
INSERT INTO `users` (`id`, `first_name`, `last_name`, `birthday`, `gender`, `email`, `phone`, `created_at`, `updated_at`) VALUES (25, 'Freeda', 'Glover', '2000-02-25', 'M', 'grimes.damion@example.com', '834-305-5217', '1997-04-04 15:58:22', '2010-10-02 12:23:47');
INSERT INTO `users` (`id`, `first_name`, `last_name`, `birthday`, `gender`, `email`, `phone`, `created_at`, `updated_at`) VALUES (26, 'Velma', 'Sipes', '2000-11-19', 'M', 'kohler.estell@example.net', '(373)464-682', '1985-05-11 22:20:33', '1982-08-26 05:07:31');
INSERT INTO `users` (`id`, `first_name`, `last_name`, `birthday`, `gender`, `email`, `phone`, `created_at`, `updated_at`) VALUES (27, 'Judah', 'Rath', '1987-01-08', 'F', 'kacie71@example.org', '1-537-862-74', '1986-01-12 19:34:00', '1975-12-09 16:22:03');
INSERT INTO `users` (`id`, `first_name`, `last_name`, `birthday`, `gender`, `email`, `phone`, `created_at`, `updated_at`) VALUES (28, 'Marcellus', 'Bergstrom', '1986-01-08', 'M', 'melisa59@example.net', '695-159-3301', '2021-01-23 19:52:52', '1997-07-25 19:55:32');
INSERT INTO `users` (`id`, `first_name`, `last_name`, `birthday`, `gender`, `email`, `phone`, `created_at`, `updated_at`) VALUES (29, 'Walter', 'Bogan', '1982-12-17', 'F', 'wintheiser.theo@example.org', '(450)810-577', '1996-04-30 07:47:19', '1993-07-15 07:53:23');
INSERT INTO `users` (`id`, `first_name`, `last_name`, `birthday`, `gender`, `email`, `phone`, `created_at`, `updated_at`) VALUES (30, 'Blanca', 'Bode', '1977-11-06', 'M', 'pedro.treutel@example.com', '00815889712', '1982-11-26 18:48:15', '1994-11-12 06:25:55');
INSERT INTO `users` (`id`, `first_name`, `last_name`, `birthday`, `gender`, `email`, `phone`, `created_at`, `updated_at`) VALUES (31, 'Austen', 'Sanford', '2010-09-11', 'F', 'gislason.luisa@example.com', '309.347.1814', '1972-06-21 09:51:03', '2017-05-03 07:47:54');
INSERT INTO `users` (`id`, `first_name`, `last_name`, `birthday`, `gender`, `email`, `phone`, `created_at`, `updated_at`) VALUES (32, 'Reuben', 'Oberbrunner', '2007-12-05', 'F', 'warren.bogisich@example.org', '393.022.3619', '1976-04-13 11:14:55', '1991-06-06 18:28:34');
INSERT INTO `users` (`id`, `first_name`, `last_name`, `birthday`, `gender`, `email`, `phone`, `created_at`, `updated_at`) VALUES (33, 'Geoffrey', 'Brekke', '2003-03-05', 'M', 'acormier@example.org', '(792)837-170', '1982-11-24 12:11:10', '2016-07-10 18:40:08');
INSERT INTO `users` (`id`, `first_name`, `last_name`, `birthday`, `gender`, `email`, `phone`, `created_at`, `updated_at`) VALUES (34, 'Sadye', 'Windler', '2015-06-10', 'M', 'srunolfsdottir@example.net', '(325)025-958', '2008-12-12 12:21:07', '1994-08-31 21:36:07');
INSERT INTO `users` (`id`, `first_name`, `last_name`, `birthday`, `gender`, `email`, `phone`, `created_at`, `updated_at`) VALUES (35, 'Arely', 'Keeling', '1972-12-25', 'M', 'littel.sidney@example.net', '227.319.1884', '2003-09-13 16:15:47', '1983-10-06 08:40:51');
INSERT INTO `users` (`id`, `first_name`, `last_name`, `birthday`, `gender`, `email`, `phone`, `created_at`, `updated_at`) VALUES (36, 'Leif', 'Blick', '1973-08-08', 'F', 'zelda.schultz@example.org', '756.693.9634', '1994-04-23 04:50:56', '2007-08-15 06:29:43');
INSERT INTO `users` (`id`, `first_name`, `last_name`, `birthday`, `gender`, `email`, `phone`, `created_at`, `updated_at`) VALUES (37, 'Giovanni', 'VonRueden', '2021-03-18', 'M', 'reinger.cheyanne@example.net', '+10(5)669023', '2018-02-28 11:53:00', '2016-01-10 20:41:38');
INSERT INTO `users` (`id`, `first_name`, `last_name`, `birthday`, `gender`, `email`, `phone`, `created_at`, `updated_at`) VALUES (38, 'Dimitri', 'Lind', '1993-01-19', 'M', 'valentina99@example.org', '884-089-2782', '2006-11-15 16:53:37', '2007-09-21 04:30:23');
INSERT INTO `users` (`id`, `first_name`, `last_name`, `birthday`, `gender`, `email`, `phone`, `created_at`, `updated_at`) VALUES (39, 'Mozelle', 'Little', '1972-03-15', 'F', 'jaiden.mitchell@example.com', '457-330-6695', '2001-05-03 20:45:34', '1980-04-22 11:28:29');
INSERT INTO `users` (`id`, `first_name`, `last_name`, `birthday`, `gender`, `email`, `phone`, `created_at`, `updated_at`) VALUES (40, 'Christa', 'Bednar', '2007-05-21', 'F', 'maymie02@example.org', '03166854556', '2000-01-16 02:01:01', '2007-03-29 17:03:14');
INSERT INTO `users` (`id`, `first_name`, `last_name`, `birthday`, `gender`, `email`, `phone`, `created_at`, `updated_at`) VALUES (41, 'Javon', 'Ernser', '1982-12-01', 'F', 'koch.heath@example.net', '595-402-9254', '1980-05-15 13:32:56', '1974-07-15 18:36:43');
INSERT INTO `users` (`id`, `first_name`, `last_name`, `birthday`, `gender`, `email`, `phone`, `created_at`, `updated_at`) VALUES (42, 'Gregg', 'Ortiz', '1970-02-06', 'F', 'moore.pink@example.net', '660-355-2397', '1972-04-24 05:22:33', '1971-08-01 20:17:45');
INSERT INTO `users` (`id`, `first_name`, `last_name`, `birthday`, `gender`, `email`, `phone`, `created_at`, `updated_at`) VALUES (43, 'Elena', 'Hartmann', '1978-03-17', 'F', 'cartwright.trevion@example.net', '1-515-731-63', '1997-12-20 03:14:52', '1987-09-13 21:51:59');
INSERT INTO `users` (`id`, `first_name`, `last_name`, `birthday`, `gender`, `email`, `phone`, `created_at`, `updated_at`) VALUES (44, 'Sandy', 'Spencer', '1992-04-16', 'M', 'kathryn16@example.net', '291.481.8418', '2002-07-19 00:33:08', '1973-05-23 03:11:28');
INSERT INTO `users` (`id`, `first_name`, `last_name`, `birthday`, `gender`, `email`, `phone`, `created_at`, `updated_at`) VALUES (45, 'Katlynn', 'Donnelly', '1984-10-04', 'M', 'altenwerth.camryn@example.net', '(485)257-327', '2017-05-15 09:56:21', '1981-07-05 17:54:57');
INSERT INTO `users` (`id`, `first_name`, `last_name`, `birthday`, `gender`, `email`, `phone`, `created_at`, `updated_at`) VALUES (46, 'Wyatt', 'Buckridge', '1999-07-18', 'M', 'alexane70@example.com', '533-761-9284', '2003-05-17 17:33:25', '1985-11-12 07:17:07');
INSERT INTO `users` (`id`, `first_name`, `last_name`, `birthday`, `gender`, `email`, `phone`, `created_at`, `updated_at`) VALUES (47, 'Bonita', 'Huels', '1986-03-30', 'M', 'fwill@example.org', '625-084-8884', '1991-10-01 06:53:51', '2007-06-03 00:04:56');
INSERT INTO `users` (`id`, `first_name`, `last_name`, `birthday`, `gender`, `email`, `phone`, `created_at`, `updated_at`) VALUES (48, 'Marina', 'Heidenreich', '1997-03-11', 'F', 'hudson11@example.org', '1-615-641-90', '1989-07-18 16:48:26', '2009-07-29 05:42:12');
INSERT INTO `users` (`id`, `first_name`, `last_name`, `birthday`, `gender`, `email`, `phone`, `created_at`, `updated_at`) VALUES (49, 'Janessa', 'Raynor', '1974-02-10', 'F', 'akohler@example.org', '1-928-759-06', '1981-05-12 19:19:28', '1998-11-11 15:50:18');
INSERT INTO `users` (`id`, `first_name`, `last_name`, `birthday`, `gender`, `email`, `phone`, `created_at`, `updated_at`) VALUES (50, 'Eulalia', 'Bashirian', '1990-04-25', 'F', 'kyler56@example.org', '239-609-5222', '1992-09-19 23:34:57', '1986-06-19 12:30:28');
INSERT INTO `users` (`id`, `first_name`, `last_name`, `birthday`, `gender`, `email`, `phone`, `created_at`, `updated_at`) VALUES (51, 'Nicolette', 'Pouros', '1980-12-20', 'F', 'gkuhn@example.org', '230.927.2520', '1985-02-07 06:56:10', '2017-08-14 14:25:08');
INSERT INTO `users` (`id`, `first_name`, `last_name`, `birthday`, `gender`, `email`, `phone`, `created_at`, `updated_at`) VALUES (52, 'Noemy', 'Hauck', '2012-03-19', 'F', 'jmayer@example.com', '512.195.7902', '1981-04-12 16:32:34', '2007-06-06 02:47:40');
INSERT INTO `users` (`id`, `first_name`, `last_name`, `birthday`, `gender`, `email`, `phone`, `created_at`, `updated_at`) VALUES (53, 'Jaron', 'Konopelski', '2006-03-01', 'M', 'arlo.rohan@example.org', '234-652-1091', '1998-08-02 18:41:30', '1999-12-03 17:04:00');
INSERT INTO `users` (`id`, `first_name`, `last_name`, `birthday`, `gender`, `email`, `phone`, `created_at`, `updated_at`) VALUES (54, 'Addie', 'Walsh', '2012-08-18', 'F', 'gzboncak@example.net', '(473)110-548', '2014-06-29 07:42:36', '1992-11-28 10:15:00');
INSERT INTO `users` (`id`, `first_name`, `last_name`, `birthday`, `gender`, `email`, `phone`, `created_at`, `updated_at`) VALUES (55, 'Alexis', 'Terry', '2017-05-05', 'M', 'treva.bauch@example.com', '748.643.2414', '1980-01-10 09:20:38', '1992-10-22 20:03:26');
INSERT INTO `users` (`id`, `first_name`, `last_name`, `birthday`, `gender`, `email`, `phone`, `created_at`, `updated_at`) VALUES (56, 'Alyson', 'Corkery', '2005-03-28', 'M', 'dora71@example.net', '914-643-8428', '2006-11-25 17:58:18', '2018-02-24 11:18:02');
INSERT INTO `users` (`id`, `first_name`, `last_name`, `birthday`, `gender`, `email`, `phone`, `created_at`, `updated_at`) VALUES (57, 'Keyshawn', 'Daugherty', '2008-07-23', 'F', 'yrau@example.com', '1-992-874-87', '1985-11-13 12:25:15', '1990-05-01 03:24:38');
INSERT INTO `users` (`id`, `first_name`, `last_name`, `birthday`, `gender`, `email`, `phone`, `created_at`, `updated_at`) VALUES (58, 'Audrey', 'Gorczany', '1983-10-09', 'M', 'laurence67@example.com', '906.930.0309', '1978-06-01 14:19:00', '1989-09-30 04:51:52');
INSERT INTO `users` (`id`, `first_name`, `last_name`, `birthday`, `gender`, `email`, `phone`, `created_at`, `updated_at`) VALUES (59, 'Augustine', 'Bergnaum', '2004-07-26', 'F', 'earl67@example.net', '036.972.4793', '2013-12-01 16:24:58', '2012-11-26 10:24:47');
INSERT INTO `users` (`id`, `first_name`, `last_name`, `birthday`, `gender`, `email`, `phone`, `created_at`, `updated_at`) VALUES (60, 'Amina', 'Harber', '1988-05-25', 'F', 'alexandre.thompson@example.org', '845-993-3921', '2010-07-13 12:24:40', '2008-01-08 13:49:51');
INSERT INTO `users` (`id`, `first_name`, `last_name`, `birthday`, `gender`, `email`, `phone`, `created_at`, `updated_at`) VALUES (61, 'Clinton', 'Littel', '1978-03-13', 'F', 'gkiehn@example.org', '479-569-5996', '2001-06-23 05:15:07', '1998-04-09 17:33:59');
INSERT INTO `users` (`id`, `first_name`, `last_name`, `birthday`, `gender`, `email`, `phone`, `created_at`, `updated_at`) VALUES (62, 'Marilou', 'Bruen', '1996-05-08', 'M', 'keeling.allene@example.net', '(258)993-374', '1984-01-15 10:58:57', '2010-06-24 07:02:52');
INSERT INTO `users` (`id`, `first_name`, `last_name`, `birthday`, `gender`, `email`, `phone`, `created_at`, `updated_at`) VALUES (63, 'Winston', 'Adams', '2002-11-02', 'F', 'cpollich@example.com', '822.641.1599', '1985-06-23 16:18:42', '1997-06-03 00:08:28');
INSERT INTO `users` (`id`, `first_name`, `last_name`, `birthday`, `gender`, `email`, `phone`, `created_at`, `updated_at`) VALUES (64, 'Maryam', 'Vandervort', '1972-10-05', 'F', 'bianka33@example.net', '02849534661', '1999-05-26 05:59:18', '2004-05-13 22:08:54');
INSERT INTO `users` (`id`, `first_name`, `last_name`, `birthday`, `gender`, `email`, `phone`, `created_at`, `updated_at`) VALUES (65, 'Norene', 'Klein', '1996-02-09', 'F', 'rutherford.lincoln@example.net', '02995899937', '1999-10-05 00:06:06', '2014-09-10 09:43:00');
INSERT INTO `users` (`id`, `first_name`, `last_name`, `birthday`, `gender`, `email`, `phone`, `created_at`, `updated_at`) VALUES (66, 'Alisa', 'Schulist', '2004-09-24', 'F', 'coby94@example.net', '1-843-754-51', '2011-04-16 21:53:29', '2004-10-15 04:04:46');
INSERT INTO `users` (`id`, `first_name`, `last_name`, `birthday`, `gender`, `email`, `phone`, `created_at`, `updated_at`) VALUES (67, 'Name', 'Wisoky', '1990-12-22', 'F', 'drew.connelly@example.com', '486.888.2009', '1970-02-23 04:33:57', '1983-03-09 11:55:04');
INSERT INTO `users` (`id`, `first_name`, `last_name`, `birthday`, `gender`, `email`, `phone`, `created_at`, `updated_at`) VALUES (68, 'Daren', 'Emmerich', '1991-09-18', 'M', 'garret16@example.net', '385-978-8781', '2002-08-28 07:03:38', '1970-11-05 06:03:22');
INSERT INTO `users` (`id`, `first_name`, `last_name`, `birthday`, `gender`, `email`, `phone`, `created_at`, `updated_at`) VALUES (69, 'Lavon', 'Mann', '1980-01-30', 'F', 'pearline.lowe@example.org', '172.719.0157', '1999-05-22 01:34:00', '2007-12-24 00:26:21');
INSERT INTO `users` (`id`, `first_name`, `last_name`, `birthday`, `gender`, `email`, `phone`, `created_at`, `updated_at`) VALUES (70, 'Terrill', 'Wuckert', '2015-11-08', 'M', 'williamson.zack@example.org', '041.110.8116', '2018-06-06 07:13:58', '1993-10-23 12:30:35');
INSERT INTO `users` (`id`, `first_name`, `last_name`, `birthday`, `gender`, `email`, `phone`, `created_at`, `updated_at`) VALUES (71, 'Krystal', 'Luettgen', '1975-01-18', 'M', 'tlowe@example.net', '+07(9)289109', '1971-07-24 00:01:23', '2012-11-19 23:27:36');
INSERT INTO `users` (`id`, `first_name`, `last_name`, `birthday`, `gender`, `email`, `phone`, `created_at`, `updated_at`) VALUES (72, 'Reece', 'Kemmer', '1993-12-03', 'M', 'peggie.lehner@example.org', '608.071.8201', '2018-07-02 13:35:43', '1993-11-02 06:37:09');
INSERT INTO `users` (`id`, `first_name`, `last_name`, `birthday`, `gender`, `email`, `phone`, `created_at`, `updated_at`) VALUES (73, 'Veronica', 'Schulist', '1996-05-13', 'F', 'abby40@example.com', '(346)258-128', '1995-06-30 11:59:36', '1996-07-05 06:55:42');
INSERT INTO `users` (`id`, `first_name`, `last_name`, `birthday`, `gender`, `email`, `phone`, `created_at`, `updated_at`) VALUES (74, 'Adelia', 'Bode', '1977-06-04', 'M', 'qmertz@example.com', '046-458-4414', '2012-05-07 06:48:12', '2000-09-02 18:20:08');
INSERT INTO `users` (`id`, `first_name`, `last_name`, `birthday`, `gender`, `email`, `phone`, `created_at`, `updated_at`) VALUES (75, 'Ross', 'Hand', '1996-05-09', 'F', 'carolina24@example.org', '(183)825-178', '2021-02-06 02:53:17', '2004-01-13 21:55:40');
INSERT INTO `users` (`id`, `first_name`, `last_name`, `birthday`, `gender`, `email`, `phone`, `created_at`, `updated_at`) VALUES (76, 'Cordia', 'DuBuque', '1982-04-28', 'F', 'hayes.hassan@example.com', '05430848355', '1995-10-07 21:58:17', '1998-05-07 23:27:55');
INSERT INTO `users` (`id`, `first_name`, `last_name`, `birthday`, `gender`, `email`, `phone`, `created_at`, `updated_at`) VALUES (77, 'Sedrick', 'Littel', '2001-08-14', 'F', 'turner.serenity@example.com', '09591378778', '2012-09-29 17:46:50', '1993-10-16 06:22:19');
INSERT INTO `users` (`id`, `first_name`, `last_name`, `birthday`, `gender`, `email`, `phone`, `created_at`, `updated_at`) VALUES (78, 'Fritz', 'Gislason', '2008-04-19', 'M', 'aylin.white@example.org', '09164401904', '2020-11-17 13:07:26', '2010-04-06 06:54:10');
INSERT INTO `users` (`id`, `first_name`, `last_name`, `birthday`, `gender`, `email`, `phone`, `created_at`, `updated_at`) VALUES (79, 'Delia', 'Emard', '2010-03-03', 'F', 'jalon90@example.com', '521.411.8674', '1982-01-19 21:23:25', '2020-05-14 04:44:05');
INSERT INTO `users` (`id`, `first_name`, `last_name`, `birthday`, `gender`, `email`, `phone`, `created_at`, `updated_at`) VALUES (80, 'Verona', 'Mayer', '2014-12-09', 'F', 'hkovacek@example.com', '110.668.3245', '1998-12-19 04:02:27', '1996-06-26 23:30:09');
INSERT INTO `users` (`id`, `first_name`, `last_name`, `birthday`, `gender`, `email`, `phone`, `created_at`, `updated_at`) VALUES (81, 'Howard', 'VonRueden', '1992-12-04', 'M', 'teresa.green@example.com', '625-713-9335', '2005-07-03 20:55:03', '2019-08-26 11:44:47');
INSERT INTO `users` (`id`, `first_name`, `last_name`, `birthday`, `gender`, `email`, `phone`, `created_at`, `updated_at`) VALUES (82, 'Chasity', 'Conn', '2000-06-16', 'M', 'doyle.williamson@example.com', '1-865-622-55', '1975-10-16 09:50:34', '1991-10-24 08:39:03');
INSERT INTO `users` (`id`, `first_name`, `last_name`, `birthday`, `gender`, `email`, `phone`, `created_at`, `updated_at`) VALUES (83, 'Carlie', 'Boyle', '1991-01-22', 'M', 'janice.weber@example.net', '508-967-9336', '2000-01-18 12:37:51', '1981-11-28 07:04:09');
INSERT INTO `users` (`id`, `first_name`, `last_name`, `birthday`, `gender`, `email`, `phone`, `created_at`, `updated_at`) VALUES (84, 'Janet', 'Nitzsche', '1998-02-10', 'M', 'vbaumbach@example.net', '09467476704', '1986-08-23 18:19:00', '2008-08-31 14:47:25');
INSERT INTO `users` (`id`, `first_name`, `last_name`, `birthday`, `gender`, `email`, `phone`, `created_at`, `updated_at`) VALUES (85, 'Lisette', 'Mills', '2006-08-25', 'M', 'kuhlman.jayda@example.net', '(472)014-983', '2019-09-03 14:41:25', '2019-06-27 18:07:52');
INSERT INTO `users` (`id`, `first_name`, `last_name`, `birthday`, `gender`, `email`, `phone`, `created_at`, `updated_at`) VALUES (86, 'Layla', 'Harber', '1997-05-03', 'F', 'raquel91@example.com', '038.517.5797', '1992-05-17 07:19:04', '1987-01-07 20:30:47');
INSERT INTO `users` (`id`, `first_name`, `last_name`, `birthday`, `gender`, `email`, `phone`, `created_at`, `updated_at`) VALUES (87, 'Evalyn', 'Herman', '2007-05-15', 'M', 'elvera15@example.org', '(491)959-981', '2014-04-25 00:33:40', '2008-08-16 07:43:06');
INSERT INTO `users` (`id`, `first_name`, `last_name`, `birthday`, `gender`, `email`, `phone`, `created_at`, `updated_at`) VALUES (88, 'Carlee', 'Harber', '2000-03-30', 'M', 'myrtice22@example.org', '(790)808-851', '2014-06-09 07:32:02', '2013-06-26 09:16:31');
INSERT INTO `users` (`id`, `first_name`, `last_name`, `birthday`, `gender`, `email`, `phone`, `created_at`, `updated_at`) VALUES (89, 'Esperanza', 'Goldner', '1981-08-07', 'M', 'ygerlach@example.org', '882.719.9842', '2016-04-03 10:59:10', '2002-10-04 01:47:44');
INSERT INTO `users` (`id`, `first_name`, `last_name`, `birthday`, `gender`, `email`, `phone`, `created_at`, `updated_at`) VALUES (90, 'Reginald', 'Green', '2017-04-24', 'F', 'dayna.sauer@example.com', '039-225-0808', '1980-01-13 12:45:43', '2015-10-31 04:21:16');
INSERT INTO `users` (`id`, `first_name`, `last_name`, `birthday`, `gender`, `email`, `phone`, `created_at`, `updated_at`) VALUES (91, 'Litzy', 'King', '1981-08-30', 'M', 'ikshlerin@example.org', '01910281226', '1974-04-20 05:44:46', '1980-02-25 22:56:05');
INSERT INTO `users` (`id`, `first_name`, `last_name`, `birthday`, `gender`, `email`, `phone`, `created_at`, `updated_at`) VALUES (92, 'Demario', 'Koepp', '2000-06-03', 'F', 'allene.terry@example.com', '899-194-4230', '2002-05-21 21:33:19', '1992-02-03 19:23:51');
INSERT INTO `users` (`id`, `first_name`, `last_name`, `birthday`, `gender`, `email`, `phone`, `created_at`, `updated_at`) VALUES (93, 'Xzavier', 'Carter', '2000-02-12', 'F', 'kaycee78@example.com', '1-220-486-55', '1972-03-31 13:36:19', '2004-05-07 18:39:15');
INSERT INTO `users` (`id`, `first_name`, `last_name`, `birthday`, `gender`, `email`, `phone`, `created_at`, `updated_at`) VALUES (94, 'Edythe', 'D\'Amore', '1974-09-20', 'F', 'mueller.trace@example.net', '503.596.2044', '1996-04-13 06:57:02', '2002-02-04 06:33:02');
INSERT INTO `users` (`id`, `first_name`, `last_name`, `birthday`, `gender`, `email`, `phone`, `created_at`, `updated_at`) VALUES (95, 'Sonny', 'Fritsch', '2000-10-02', 'F', 'akunze@example.com', '1-604-027-77', '1974-10-07 17:37:51', '2006-06-03 15:10:45');
INSERT INTO `users` (`id`, `first_name`, `last_name`, `birthday`, `gender`, `email`, `phone`, `created_at`, `updated_at`) VALUES (96, 'Oma', 'Bechtelar', '2010-08-15', 'F', 'talon.leffler@example.com', '168.807.3157', '2002-04-29 22:22:31', '2004-05-26 02:18:11');
INSERT INTO `users` (`id`, `first_name`, `last_name`, `birthday`, `gender`, `email`, `phone`, `created_at`, `updated_at`) VALUES (97, 'Dedric', 'Will', '1974-12-07', 'F', 'ethyl.heaney@example.com', '(288)784-441', '2005-01-17 17:09:33', '2018-06-11 06:55:12');
INSERT INTO `users` (`id`, `first_name`, `last_name`, `birthday`, `gender`, `email`, `phone`, `created_at`, `updated_at`) VALUES (98, 'Alberto', 'Heaney', '1976-02-29', 'M', 'columbus.dooley@example.net', '803-852-6820', '1996-11-14 01:12:52', '2013-08-03 01:16:08');
INSERT INTO `users` (`id`, `first_name`, `last_name`, `birthday`, `gender`, `email`, `phone`, `created_at`, `updated_at`) VALUES (99, 'Wilfrid', 'Rohan', '2016-08-26', 'F', 'maurine.wisozk@example.net', '(033)536-021', '2014-03-14 09:45:01', '2007-06-28 08:09:45');
INSERT INTO `users` (`id`, `first_name`, `last_name`, `birthday`, `gender`, `email`, `phone`, `created_at`, `updated_at`) VALUES (100, 'Macie', 'Bernhard', '2001-11-05', 'F', 'conner.kris@example.net', '09235981381', '2003-03-23 18:34:57', '2003-04-29 12:40:39');

INSERT INTO `profiles` (`user_id`, `city`, `country`, `status`, `created_at`, `updated_at`) VALUES (1, 'Jacintofurt', 'Cuba', 'Inactive', '2010-10-16 17:00:40', '1991-04-03 04:20:50');
INSERT INTO `profiles` (`user_id`, `city`, `country`, `status`, `created_at`, `updated_at`) VALUES (2, 'North Olaf', 'Lesotho', 'Offline', '1998-11-06 03:41:16', '1972-06-09 21:07:08');
INSERT INTO `profiles` (`user_id`, `city`, `country`, `status`, `created_at`, `updated_at`) VALUES (3, 'Streichside', 'Ireland', 'Offline', '2013-07-24 17:36:15', '1986-10-29 04:54:42');
INSERT INTO `profiles` (`user_id`, `city`, `country`, `status`, `created_at`, `updated_at`) VALUES (4, 'Estefaniaborough', 'Armenia', 'Offline', '1987-09-25 05:12:45', '2013-07-31 08:33:26');
INSERT INTO `profiles` (`user_id`, `city`, `country`, `status`, `created_at`, `updated_at`) VALUES (5, 'North Jayson', 'Saint Barthelemy', 'Offline', '2015-12-18 04:04:01', '2002-12-28 00:57:29');
INSERT INTO `profiles` (`user_id`, `city`, `country`, `status`, `created_at`, `updated_at`) VALUES (6, 'Guyborough', 'Italy', 'Inactive', '2007-03-04 08:53:50', '1989-12-25 23:34:21');
INSERT INTO `profiles` (`user_id`, `city`, `country`, `status`, `created_at`, `updated_at`) VALUES (7, 'Daphneeport', 'Benin', 'Inactive', '1982-11-08 11:58:16', '1996-09-18 11:13:26');
INSERT INTO `profiles` (`user_id`, `city`, `country`, `status`, `created_at`, `updated_at`) VALUES (8, 'Dejabury', 'Bahamas', 'Offline', '1996-05-14 10:52:34', '1998-07-13 21:57:30');
INSERT INTO `profiles` (`user_id`, `city`, `country`, `status`, `created_at`, `updated_at`) VALUES (9, 'Port Nicklaus', 'Kazakhstan', 'Inactive', '2004-11-03 10:08:14', '2015-02-27 11:13:11');
INSERT INTO `profiles` (`user_id`, `city`, `country`, `status`, `created_at`, `updated_at`) VALUES (10, 'North Manley', 'Bermuda', 'Online', '1975-05-04 04:58:05', '1990-02-24 22:12:08');
INSERT INTO `profiles` (`user_id`, `city`, `country`, `status`, `created_at`, `updated_at`) VALUES (11, 'Chanelmouth', 'Reunion', 'Online', '1983-08-20 04:59:33', '1993-06-02 22:12:58');
INSERT INTO `profiles` (`user_id`, `city`, `country`, `status`, `created_at`, `updated_at`) VALUES (12, 'East Velvatown', 'South Africa', 'Online', '2016-07-28 18:38:04', '2019-09-21 01:01:35');
INSERT INTO `profiles` (`user_id`, `city`, `country`, `status`, `created_at`, `updated_at`) VALUES (13, 'Laishafurt', 'Brunei Darussalam', 'Inactive', '2004-04-08 14:23:12', '2011-11-21 11:43:55');
INSERT INTO `profiles` (`user_id`, `city`, `country`, `status`, `created_at`, `updated_at`) VALUES (14, 'South Judgemouth', 'Belgium', 'Inactive', '1973-08-06 16:58:38', '1990-01-19 15:58:15');
INSERT INTO `profiles` (`user_id`, `city`, `country`, `status`, `created_at`, `updated_at`) VALUES (15, 'Lexusbury', 'Barbados', 'Offline', '2005-01-10 07:25:01', '1992-12-28 18:08:25');
INSERT INTO `profiles` (`user_id`, `city`, `country`, `status`, `created_at`, `updated_at`) VALUES (16, 'Maggioburgh', 'Azerbaijan', 'Offline', '2017-04-30 20:02:39', '1991-04-24 00:32:04');
INSERT INTO `profiles` (`user_id`, `city`, `country`, `status`, `created_at`, `updated_at`) VALUES (17, 'North Orie', 'Indonesia', 'Online', '2014-06-23 10:16:39', '1997-10-22 01:22:48');
INSERT INTO `profiles` (`user_id`, `city`, `country`, `status`, `created_at`, `updated_at`) VALUES (18, 'New Nicktown', 'Suriname', 'Online', '1978-10-25 05:36:21', '2001-10-06 05:00:56');
INSERT INTO `profiles` (`user_id`, `city`, `country`, `status`, `created_at`, `updated_at`) VALUES (19, 'Kaleyberg', 'Egypt', 'Online', '2008-02-22 13:20:22', '2017-04-21 06:30:44');
INSERT INTO `profiles` (`user_id`, `city`, `country`, `status`, `created_at`, `updated_at`) VALUES (20, 'Hansentown', 'Bahrain', 'Offline', '1993-05-05 19:34:32', '1986-03-09 03:23:20');
INSERT INTO `profiles` (`user_id`, `city`, `country`, `status`, `created_at`, `updated_at`) VALUES (21, 'East Austenshire', 'Niue', 'Online', '2013-05-24 19:52:41', '2004-10-19 10:25:01');
INSERT INTO `profiles` (`user_id`, `city`, `country`, `status`, `created_at`, `updated_at`) VALUES (22, 'O\'Haraburgh', 'Serbia', 'Offline', '2016-10-17 18:12:12', '1974-04-20 12:13:42');
INSERT INTO `profiles` (`user_id`, `city`, `country`, `status`, `created_at`, `updated_at`) VALUES (23, 'Weissnatbury', 'Switzerland', 'Inactive', '1995-12-21 07:49:22', '2008-10-22 03:14:32');
INSERT INTO `profiles` (`user_id`, `city`, `country`, `status`, `created_at`, `updated_at`) VALUES (24, 'Myrnashire', 'Liechtenstein', 'Offline', '2011-12-18 12:21:41', '1993-05-18 06:33:51');
INSERT INTO `profiles` (`user_id`, `city`, `country`, `status`, `created_at`, `updated_at`) VALUES (25, 'Summerville', 'China', 'Offline', '1976-06-15 11:50:38', '2012-06-10 23:56:36');
INSERT INTO `profiles` (`user_id`, `city`, `country`, `status`, `created_at`, `updated_at`) VALUES (26, 'Luisaville', 'Cambodia', 'Online', '2012-10-09 07:46:21', '1993-04-28 06:37:57');
INSERT INTO `profiles` (`user_id`, `city`, `country`, `status`, `created_at`, `updated_at`) VALUES (27, 'Lake Ashtynstad', 'Morocco', 'Online', '2017-02-10 18:31:37', '1982-10-29 10:42:28');
INSERT INTO `profiles` (`user_id`, `city`, `country`, `status`, `created_at`, `updated_at`) VALUES (28, 'North Rickyshire', 'Saint Helena', 'Online', '1985-11-20 00:10:17', '1978-04-11 02:53:01');
INSERT INTO `profiles` (`user_id`, `city`, `country`, `status`, `created_at`, `updated_at`) VALUES (29, 'Lindburgh', 'Nepal', 'Offline', '1986-10-15 15:39:36', '2012-05-22 13:09:22');
INSERT INTO `profiles` (`user_id`, `city`, `country`, `status`, `created_at`, `updated_at`) VALUES (30, 'South Alfonso', 'El Salvador', 'Inactive', '2012-06-19 05:08:34', '1996-08-07 01:57:29');
INSERT INTO `profiles` (`user_id`, `city`, `country`, `status`, `created_at`, `updated_at`) VALUES (31, 'North Alanisberg', 'Equatorial Guinea', 'Online', '1999-02-01 18:26:23', '1982-09-12 18:24:37');
INSERT INTO `profiles` (`user_id`, `city`, `country`, `status`, `created_at`, `updated_at`) VALUES (32, 'Port Dianna', 'Samoa', 'Online', '2003-11-24 17:06:02', '2021-04-28 22:39:43');
INSERT INTO `profiles` (`user_id`, `city`, `country`, `status`, `created_at`, `updated_at`) VALUES (33, 'Stammchester', 'Germany', 'Offline', '2017-03-01 23:27:11', '2006-08-03 09:51:30');
INSERT INTO `profiles` (`user_id`, `city`, `country`, `status`, `created_at`, `updated_at`) VALUES (34, 'Port Emelybury', 'Liberia', 'Online', '2009-08-03 02:24:39', '1995-09-22 17:22:29');
INSERT INTO `profiles` (`user_id`, `city`, `country`, `status`, `created_at`, `updated_at`) VALUES (35, 'East Vincent', 'Saint Helena', 'Online', '1987-05-13 16:03:15', '1971-09-05 21:51:42');
INSERT INTO `profiles` (`user_id`, `city`, `country`, `status`, `created_at`, `updated_at`) VALUES (36, 'Curtview', 'Brazil', 'Inactive', '2020-11-07 22:05:06', '2005-06-21 14:03:21');
INSERT INTO `profiles` (`user_id`, `city`, `country`, `status`, `created_at`, `updated_at`) VALUES (37, 'New Adolf', 'Liberia', 'Offline', '2020-09-03 18:25:24', '1995-03-01 07:08:46');
INSERT INTO `profiles` (`user_id`, `city`, `country`, `status`, `created_at`, `updated_at`) VALUES (38, 'East Efrenfurt', 'Bosnia and Herzegovina', 'Offline', '2018-02-18 13:23:32', '2010-08-28 16:30:32');
INSERT INTO `profiles` (`user_id`, `city`, `country`, `status`, `created_at`, `updated_at`) VALUES (39, 'Annabury', 'Lesotho', 'Inactive', '1981-08-04 23:57:57', '2017-12-09 21:10:28');
INSERT INTO `profiles` (`user_id`, `city`, `country`, `status`, `created_at`, `updated_at`) VALUES (40, 'Josueland', 'Saint Kitts and Nevis', 'Inactive', '2001-08-16 06:20:01', '2010-07-23 07:51:55');
INSERT INTO `profiles` (`user_id`, `city`, `country`, `status`, `created_at`, `updated_at`) VALUES (41, 'Port Fletaville', 'Togo', 'Inactive', '2009-10-04 12:57:04', '1987-08-05 21:38:27');
INSERT INTO `profiles` (`user_id`, `city`, `country`, `status`, `created_at`, `updated_at`) VALUES (42, 'Klington', 'Ethiopia', 'Offline', '1991-05-23 23:48:44', '1974-04-12 12:47:13');
INSERT INTO `profiles` (`user_id`, `city`, `country`, `status`, `created_at`, `updated_at`) VALUES (43, 'Lake Benton', 'El Salvador', 'Offline', '1991-12-10 21:22:11', '1995-05-25 03:57:34');
INSERT INTO `profiles` (`user_id`, `city`, `country`, `status`, `created_at`, `updated_at`) VALUES (44, 'Wardview', 'French Southern Territories', 'Offline', '1975-11-25 14:08:50', '1991-02-04 20:35:57');
INSERT INTO `profiles` (`user_id`, `city`, `country`, `status`, `created_at`, `updated_at`) VALUES (45, 'Huelsberg', 'Czech Republic', 'Offline', '2013-09-05 18:04:42', '1998-02-20 04:11:27');
INSERT INTO `profiles` (`user_id`, `city`, `country`, `status`, `created_at`, `updated_at`) VALUES (46, 'Batzport', 'Equatorial Guinea', 'Online', '1979-04-18 01:07:21', '1978-12-20 13:31:19');
INSERT INTO `profiles` (`user_id`, `city`, `country`, `status`, `created_at`, `updated_at`) VALUES (47, 'North Camden', 'Uzbekistan', 'Online', '2021-08-23 16:54:09', '2020-04-12 09:22:16');
INSERT INTO `profiles` (`user_id`, `city`, `country`, `status`, `created_at`, `updated_at`) VALUES (48, 'Port Jaycee', 'Tajikistan', 'Offline', '2001-08-26 13:44:32', '2000-07-28 03:53:04');
INSERT INTO `profiles` (`user_id`, `city`, `country`, `status`, `created_at`, `updated_at`) VALUES (49, 'Lake Jaycee', 'Kyrgyz Republic', 'Offline', '1971-11-03 17:45:43', '2001-09-06 10:05:49');
INSERT INTO `profiles` (`user_id`, `city`, `country`, `status`, `created_at`, `updated_at`) VALUES (50, 'Howeburgh', 'Slovakia (Slovak Republic)', 'Online', '2000-08-02 09:35:28', '1987-12-13 20:42:31');
INSERT INTO `profiles` (`user_id`, `city`, `country`, `status`, `created_at`, `updated_at`) VALUES (51, 'Hirtheshire', 'Yemen', 'Online', '2009-09-22 13:07:09', '1986-01-14 23:07:49');
INSERT INTO `profiles` (`user_id`, `city`, `country`, `status`, `created_at`, `updated_at`) VALUES (52, 'Vitaville', 'Bahrain', 'Online', '1984-09-09 00:25:55', '2005-01-27 18:34:51');
INSERT INTO `profiles` (`user_id`, `city`, `country`, `status`, `created_at`, `updated_at`) VALUES (53, 'Cassidyfurt', 'Heard Island and McDonald Islands', 'Inactive', '1971-08-24 03:33:42', '2010-02-09 22:57:19');
INSERT INTO `profiles` (`user_id`, `city`, `country`, `status`, `created_at`, `updated_at`) VALUES (54, 'Lake Ethylstad', 'Antarctica (the territory South of 60 deg S)', 'Offline', '1987-11-28 23:54:27', '1970-03-08 05:14:13');
INSERT INTO `profiles` (`user_id`, `city`, `country`, `status`, `created_at`, `updated_at`) VALUES (55, 'Lake Ameliestad', 'Madagascar', 'Online', '1974-10-01 22:25:41', '1993-09-25 19:10:04');
INSERT INTO `profiles` (`user_id`, `city`, `country`, `status`, `created_at`, `updated_at`) VALUES (56, 'Cindybury', 'Singapore', 'Offline', '1992-01-21 10:55:07', '1986-01-09 17:50:41');
INSERT INTO `profiles` (`user_id`, `city`, `country`, `status`, `created_at`, `updated_at`) VALUES (57, 'East Ernestville', 'Czech Republic', 'Offline', '2005-04-16 23:20:07', '1977-04-24 16:17:30');
INSERT INTO `profiles` (`user_id`, `city`, `country`, `status`, `created_at`, `updated_at`) VALUES (58, 'Jonathonfort', 'Barbados', 'Offline', '2011-02-20 12:32:52', '1999-11-21 21:20:58');
INSERT INTO `profiles` (`user_id`, `city`, `country`, `status`, `created_at`, `updated_at`) VALUES (59, 'West Lonny', 'Bulgaria', 'Inactive', '2015-11-10 19:28:32', '1985-01-24 01:11:21');
INSERT INTO `profiles` (`user_id`, `city`, `country`, `status`, `created_at`, `updated_at`) VALUES (60, 'Port Abagailfort', 'Liechtenstein', 'Inactive', '1975-02-19 12:21:01', '1983-12-01 19:22:28');
INSERT INTO `profiles` (`user_id`, `city`, `country`, `status`, `created_at`, `updated_at`) VALUES (61, 'Rebekahhaven', 'Nauru', 'Offline', '1983-08-18 00:41:20', '1974-07-25 21:46:20');
INSERT INTO `profiles` (`user_id`, `city`, `country`, `status`, `created_at`, `updated_at`) VALUES (62, 'Kinghaven', 'Kenya', 'Inactive', '2015-11-14 06:20:12', '2019-01-25 03:02:16');
INSERT INTO `profiles` (`user_id`, `city`, `country`, `status`, `created_at`, `updated_at`) VALUES (63, 'Lake Enos', 'Panama', 'Inactive', '2003-12-12 12:23:19', '2012-04-12 05:49:10');
INSERT INTO `profiles` (`user_id`, `city`, `country`, `status`, `created_at`, `updated_at`) VALUES (64, 'Robertsburgh', 'Gambia', 'Offline', '1997-07-21 23:18:29', '2020-11-08 23:17:19');
INSERT INTO `profiles` (`user_id`, `city`, `country`, `status`, `created_at`, `updated_at`) VALUES (65, 'Pfefferfurt', 'South Georgia and the South Sandwich Islands', 'Online', '2005-03-05 19:22:40', '1987-05-30 21:09:58');
INSERT INTO `profiles` (`user_id`, `city`, `country`, `status`, `created_at`, `updated_at`) VALUES (66, 'Howardborough', 'Samoa', 'Online', '2017-08-22 21:46:08', '1976-02-28 21:45:35');
INSERT INTO `profiles` (`user_id`, `city`, `country`, `status`, `created_at`, `updated_at`) VALUES (67, 'Salmaborough', 'Paraguay', 'Inactive', '1979-07-22 10:30:33', '2012-05-03 10:54:32');
INSERT INTO `profiles` (`user_id`, `city`, `country`, `status`, `created_at`, `updated_at`) VALUES (68, 'DuBuquemouth', 'Lebanon', 'Inactive', '1974-07-26 15:06:28', '1997-08-18 05:47:40');
INSERT INTO `profiles` (`user_id`, `city`, `country`, `status`, `created_at`, `updated_at`) VALUES (69, 'West Emelyview', 'Cambodia', 'Online', '1974-01-16 21:08:59', '2008-12-11 08:47:50');
INSERT INTO `profiles` (`user_id`, `city`, `country`, `status`, `created_at`, `updated_at`) VALUES (70, 'New Maxime', 'Philippines', 'Offline', '1983-02-04 11:59:02', '1990-07-03 21:16:20');
INSERT INTO `profiles` (`user_id`, `city`, `country`, `status`, `created_at`, `updated_at`) VALUES (71, 'Doylehaven', 'Ukraine', 'Offline', '2015-01-17 19:50:40', '2020-04-09 11:19:55');
INSERT INTO `profiles` (`user_id`, `city`, `country`, `status`, `created_at`, `updated_at`) VALUES (72, 'Chesleychester', 'Luxembourg', 'Offline', '1974-06-28 09:42:18', '1984-01-11 13:09:25');
INSERT INTO `profiles` (`user_id`, `city`, `country`, `status`, `created_at`, `updated_at`) VALUES (73, 'Steubermouth', 'Norfolk Island', 'Online', '2008-12-20 16:32:01', '2002-03-24 21:31:55');
INSERT INTO `profiles` (`user_id`, `city`, `country`, `status`, `created_at`, `updated_at`) VALUES (74, 'Kilbackshire', 'Colombia', 'Offline', '2016-11-06 00:27:36', '1997-01-30 15:09:11');
INSERT INTO `profiles` (`user_id`, `city`, `country`, `status`, `created_at`, `updated_at`) VALUES (75, 'Wellingtonland', 'Swaziland', 'Inactive', '1983-03-15 22:45:26', '2011-08-01 20:21:23');
INSERT INTO `profiles` (`user_id`, `city`, `country`, `status`, `created_at`, `updated_at`) VALUES (76, 'Ayanafurt', 'Reunion', 'Offline', '2005-09-13 01:54:32', '1983-02-20 07:59:00');
INSERT INTO `profiles` (`user_id`, `city`, `country`, `status`, `created_at`, `updated_at`) VALUES (77, 'South Graham', 'Morocco', 'Offline', '1981-05-25 14:40:46', '1971-10-10 04:21:00');
INSERT INTO `profiles` (`user_id`, `city`, `country`, `status`, `created_at`, `updated_at`) VALUES (78, 'West Dellstad', 'Mali', 'Inactive', '1996-02-19 15:22:40', '1974-06-09 17:26:51');
INSERT INTO `profiles` (`user_id`, `city`, `country`, `status`, `created_at`, `updated_at`) VALUES (79, 'Dellview', 'Holy See (Vatican City State)', 'Online', '2021-08-22 14:25:22', '1997-07-24 17:21:17');
INSERT INTO `profiles` (`user_id`, `city`, `country`, `status`, `created_at`, `updated_at`) VALUES (80, 'Laneport', 'Central African Republic', 'Inactive', '1970-09-04 09:54:00', '2015-02-25 14:21:14');
INSERT INTO `profiles` (`user_id`, `city`, `country`, `status`, `created_at`, `updated_at`) VALUES (81, 'Darefort', 'Kazakhstan', 'Inactive', '1977-11-12 23:20:54', '1996-06-17 06:17:08');
INSERT INTO `profiles` (`user_id`, `city`, `country`, `status`, `created_at`, `updated_at`) VALUES (82, 'East Clementinachester', 'Liechtenstein', 'Offline', '2006-04-15 12:11:56', '1997-11-01 07:42:28');
INSERT INTO `profiles` (`user_id`, `city`, `country`, `status`, `created_at`, `updated_at`) VALUES (83, 'North Shaniechester', 'Palau', 'Online', '2018-12-24 05:57:15', '1977-07-23 18:49:00');
INSERT INTO `profiles` (`user_id`, `city`, `country`, `status`, `created_at`, `updated_at`) VALUES (84, 'East Oral', 'Gambia', 'Online', '1981-08-02 20:22:45', '2004-08-12 08:04:50');
INSERT INTO `profiles` (`user_id`, `city`, `country`, `status`, `created_at`, `updated_at`) VALUES (85, 'Port Novafort', 'Oman', 'Inactive', '1997-01-31 02:42:55', '1977-07-20 19:10:04');
INSERT INTO `profiles` (`user_id`, `city`, `country`, `status`, `created_at`, `updated_at`) VALUES (86, 'Yostfort', 'Central African Republic', 'Offline', '1982-01-13 17:37:15', '2008-07-13 20:34:21');
INSERT INTO `profiles` (`user_id`, `city`, `country`, `status`, `created_at`, `updated_at`) VALUES (87, 'West Tavares', 'Cameroon', 'Online', '2012-08-06 01:16:13', '1984-06-13 05:50:16');
INSERT INTO `profiles` (`user_id`, `city`, `country`, `status`, `created_at`, `updated_at`) VALUES (88, 'Jastchester', 'Sierra Leone', 'Online', '1999-11-20 22:07:47', '1989-04-10 05:39:08');
INSERT INTO `profiles` (`user_id`, `city`, `country`, `status`, `created_at`, `updated_at`) VALUES (89, 'Armaniburgh', 'Montserrat', 'Offline', '1990-04-17 20:55:55', '2003-05-26 13:43:35');
INSERT INTO `profiles` (`user_id`, `city`, `country`, `status`, `created_at`, `updated_at`) VALUES (90, 'Boyleberg', 'Belize', 'Online', '2001-08-28 23:34:10', '1988-01-17 04:47:52');
INSERT INTO `profiles` (`user_id`, `city`, `country`, `status`, `created_at`, `updated_at`) VALUES (91, 'Ettieberg', 'Sweden', 'Offline', '1980-09-01 01:58:25', '1990-10-30 19:27:19');
INSERT INTO `profiles` (`user_id`, `city`, `country`, `status`, `created_at`, `updated_at`) VALUES (92, 'East Demetriston', 'Holy See (Vatican City State)', 'Online', '1970-09-20 17:10:11', '1979-05-12 10:53:58');
INSERT INTO `profiles` (`user_id`, `city`, `country`, `status`, `created_at`, `updated_at`) VALUES (93, 'Lake Erickaton', 'Israel', 'Offline', '2020-03-02 21:38:48', '1978-11-01 21:41:00');
INSERT INTO `profiles` (`user_id`, `city`, `country`, `status`, `created_at`, `updated_at`) VALUES (94, 'South Clarabellehaven', 'Swaziland', 'Inactive', '1996-03-15 10:36:43', '1982-01-22 03:56:53');
INSERT INTO `profiles` (`user_id`, `city`, `country`, `status`, `created_at`, `updated_at`) VALUES (95, 'Kaydenstad', 'Syrian Arab Republic', 'Online', '1983-12-28 03:06:00', '2008-01-17 04:37:47');
INSERT INTO `profiles` (`user_id`, `city`, `country`, `status`, `created_at`, `updated_at`) VALUES (96, 'Araceliview', 'Guinea', 'Offline', '2003-12-03 17:17:56', '1979-06-18 04:00:05');
INSERT INTO `profiles` (`user_id`, `city`, `country`, `status`, `created_at`, `updated_at`) VALUES (97, 'North Blazemouth', 'Benin', 'Offline', '2015-08-27 23:23:39', '2013-05-04 14:20:02');
INSERT INTO `profiles` (`user_id`, `city`, `country`, `status`, `created_at`, `updated_at`) VALUES (98, 'East Elfriedachester', 'Liechtenstein', 'Offline', '1980-02-18 07:25:24', '1999-09-14 23:18:14');
INSERT INTO `profiles` (`user_id`, `city`, `country`, `status`, `created_at`, `updated_at`) VALUES (99, 'Lake Orionchester', 'Angola', 'Offline', '2017-10-19 16:41:32', '2002-08-26 23:26:03');
INSERT INTO `profiles` (`user_id`, `city`, `country`, `status`, `created_at`, `updated_at`) VALUES (100, 'South Alanaport', 'British Indian Ocean Territory (Chagos Archipelago)', 'Inactive', '2021-01-06 07:03:21', '1997-04-12 04:58:30');

INSERT INTO `communities` (`id`, `name`, `created_at`, `updated_at`) VALUES (1, 'alias', '1989-11-16 11:35:11', '2014-04-07 23:59:10');
INSERT INTO `communities` (`id`, `name`, `created_at`, `updated_at`) VALUES (2, 'fugiat', '1973-03-26 13:45:31', '1974-09-01 21:30:55');
INSERT INTO `communities` (`id`, `name`, `created_at`, `updated_at`) VALUES (3, 'est', '1973-07-04 15:41:15', '1992-05-30 03:35:48');
INSERT INTO `communities` (`id`, `name`, `created_at`, `updated_at`) VALUES (4, 'aut', '1995-04-07 02:31:48', '2016-03-16 02:57:54');
INSERT INTO `communities` (`id`, `name`, `created_at`, `updated_at`) VALUES (5, 'error', '1985-10-27 16:38:24', '2013-05-03 13:38:57');
INSERT INTO `communities` (`id`, `name`, `created_at`, `updated_at`) VALUES (6, 'laudantium', '2017-01-24 03:21:43', '2012-01-04 11:17:13');
INSERT INTO `communities` (`id`, `name`, `created_at`, `updated_at`) VALUES (7, 'et', '1970-07-18 20:02:51', '1985-10-03 11:26:38');
INSERT INTO `communities` (`id`, `name`, `created_at`, `updated_at`) VALUES (8, 'dicta', '2000-03-13 10:07:44', '2006-03-13 13:17:38');
INSERT INTO `communities` (`id`, `name`, `created_at`, `updated_at`) VALUES (9, 'qui', '2020-04-03 20:34:34', '1993-01-06 16:11:16');
INSERT INTO `communities` (`id`, `name`, `created_at`, `updated_at`) VALUES (10, 'commodi', '1988-02-10 00:15:16', '1979-05-26 20:45:09');
INSERT INTO `communities` (`id`, `name`, `created_at`, `updated_at`) VALUES (11, 'molestias', '1987-02-23 15:31:33', '1981-11-22 19:55:27');
INSERT INTO `communities` (`id`, `name`, `created_at`, `updated_at`) VALUES (12, 'exercitationem', '1984-07-13 17:47:28', '1988-08-11 16:44:58');
INSERT INTO `communities` (`id`, `name`, `created_at`, `updated_at`) VALUES (13, 'sint', '2011-09-23 10:52:07', '1994-05-15 18:24:33');
INSERT INTO `communities` (`id`, `name`, `created_at`, `updated_at`) VALUES (14, 'animi', '2019-01-31 09:33:12', '2007-01-22 15:51:36');
INSERT INTO `communities` (`id`, `name`, `created_at`, `updated_at`) VALUES (15, 'nesciunt', '2019-04-03 20:09:10', '2000-11-22 14:58:22');
INSERT INTO `communities` (`id`, `name`, `created_at`, `updated_at`) VALUES (16, 'ut', '1981-12-08 10:29:08', '2021-09-06 03:40:29');
INSERT INTO `communities` (`id`, `name`, `created_at`, `updated_at`) VALUES (17, 'placeat', '2005-01-31 13:28:46', '1980-09-15 07:32:49');
INSERT INTO `communities` (`id`, `name`, `created_at`, `updated_at`) VALUES (18, 'eveniet', '2007-07-17 21:48:06', '2002-07-10 20:13:17');
INSERT INTO `communities` (`id`, `name`, `created_at`, `updated_at`) VALUES (19, 'consequatur', '1984-07-03 11:04:10', '2010-07-07 07:52:41');
INSERT INTO `communities` (`id`, `name`, `created_at`, `updated_at`) VALUES (20, 'voluptates', '2003-08-31 19:22:11', '1974-11-06 13:44:36');
INSERT INTO `communities` (`id`, `name`, `created_at`, `updated_at`) VALUES (21, 'mollitia', '1970-10-24 01:55:24', '2016-07-05 23:18:27');
INSERT INTO `communities` (`id`, `name`, `created_at`, `updated_at`) VALUES (22, 'fuga', '2011-10-05 14:02:10', '1988-06-11 21:31:17');
INSERT INTO `communities` (`id`, `name`, `created_at`, `updated_at`) VALUES (23, 'vitae', '1980-03-09 20:40:05', '2004-07-28 20:17:14');
INSERT INTO `communities` (`id`, `name`, `created_at`, `updated_at`) VALUES (24, 'vero', '2020-07-11 07:42:33', '1985-11-14 08:57:57');
INSERT INTO `communities` (`id`, `name`, `created_at`, `updated_at`) VALUES (25, 'distinctio', '1991-09-17 17:56:23', '1976-01-25 23:47:47');
INSERT INTO `communities` (`id`, `name`, `created_at`, `updated_at`) VALUES (26, 'veniam', '2020-09-28 08:13:13', '1973-06-11 09:59:50');
INSERT INTO `communities` (`id`, `name`, `created_at`, `updated_at`) VALUES (27, 'quos', '1986-02-18 07:26:49', '1981-02-10 04:12:33');
INSERT INTO `communities` (`id`, `name`, `created_at`, `updated_at`) VALUES (28, 'dolorem', '1982-03-06 04:46:40', '1979-12-27 08:40:41');
INSERT INTO `communities` (`id`, `name`, `created_at`, `updated_at`) VALUES (29, 'magnam', '1990-04-08 23:52:17', '1985-05-13 03:34:08');
INSERT INTO `communities` (`id`, `name`, `created_at`, `updated_at`) VALUES (30, 'quas', '2020-01-12 08:09:41', '2020-12-04 18:19:38');
INSERT INTO `communities` (`id`, `name`, `created_at`, `updated_at`) VALUES (31, 'magni', '2016-09-04 03:02:06', '2011-03-14 11:17:06');
INSERT INTO `communities` (`id`, `name`, `created_at`, `updated_at`) VALUES (32, 'neque', '2015-09-04 16:03:55', '1990-08-12 14:18:02');
INSERT INTO `communities` (`id`, `name`, `created_at`, `updated_at`) VALUES (33, 'in', '1984-02-26 16:52:31', '1990-07-09 22:17:30');
INSERT INTO `communities` (`id`, `name`, `created_at`, `updated_at`) VALUES (34, 'dolores', '1991-04-03 06:17:42', '1975-12-20 23:07:43');
INSERT INTO `communities` (`id`, `name`, `created_at`, `updated_at`) VALUES (35, 'eius', '1998-02-24 17:00:21', '2014-04-18 14:50:05');
INSERT INTO `communities` (`id`, `name`, `created_at`, `updated_at`) VALUES (36, 'assumenda', '2008-03-08 10:18:47', '2017-06-29 18:36:08');
INSERT INTO `communities` (`id`, `name`, `created_at`, `updated_at`) VALUES (37, 'labore', '1979-12-21 19:18:50', '2012-09-12 14:24:41');
INSERT INTO `communities` (`id`, `name`, `created_at`, `updated_at`) VALUES (38, 'voluptatem', '2013-10-07 20:42:42', '1979-04-14 08:54:16');
INSERT INTO `communities` (`id`, `name`, `created_at`, `updated_at`) VALUES (39, 'provident', '1987-07-11 02:55:02', '1985-09-28 07:08:02');
INSERT INTO `communities` (`id`, `name`, `created_at`, `updated_at`) VALUES (40, 'enim', '1974-01-10 08:10:29', '2007-06-24 19:34:43');
INSERT INTO `communities` (`id`, `name`, `created_at`, `updated_at`) VALUES (41, 'ab', '2015-05-18 00:04:08', '1989-01-26 09:10:33');
INSERT INTO `communities` (`id`, `name`, `created_at`, `updated_at`) VALUES (42, 'suscipit', '1970-01-07 23:56:39', '1990-06-06 17:22:45');
INSERT INTO `communities` (`id`, `name`, `created_at`, `updated_at`) VALUES (43, 'sed', '2011-07-15 04:01:55', '1993-04-21 21:02:14');
INSERT INTO `communities` (`id`, `name`, `created_at`, `updated_at`) VALUES (44, 'numquam', '1991-07-06 07:57:33', '1975-01-23 14:10:35');
INSERT INTO `communities` (`id`, `name`, `created_at`, `updated_at`) VALUES (45, 'deserunt', '1981-07-19 09:41:10', '1980-10-21 06:53:29');
INSERT INTO `communities` (`id`, `name`, `created_at`, `updated_at`) VALUES (46, 'porro', '2015-05-04 06:27:34', '1974-11-27 05:12:09');
INSERT INTO `communities` (`id`, `name`, `created_at`, `updated_at`) VALUES (47, 'veritatis', '1977-11-14 18:26:44', '1992-05-14 05:10:25');
INSERT INTO `communities` (`id`, `name`, `created_at`, `updated_at`) VALUES (48, 'tenetur', '2006-10-26 06:03:30', '2005-07-22 15:26:14');
INSERT INTO `communities` (`id`, `name`, `created_at`, `updated_at`) VALUES (49, 'quibusdam', '1997-09-10 13:49:09', '1992-03-31 06:41:29');
INSERT INTO `communities` (`id`, `name`, `created_at`, `updated_at`) VALUES (50, 'iste', '1979-04-23 22:10:33', '2012-07-12 22:20:04');
INSERT INTO `communities` (`id`, `name`, `created_at`, `updated_at`) VALUES (51, 'nemo', '1972-02-19 13:35:07', '1972-06-09 20:22:52');
INSERT INTO `communities` (`id`, `name`, `created_at`, `updated_at`) VALUES (52, 'occaecati', '1973-10-26 19:45:24', '1976-10-22 08:43:32');
INSERT INTO `communities` (`id`, `name`, `created_at`, `updated_at`) VALUES (53, 'rerum', '2008-04-16 19:45:37', '1991-05-12 03:10:20');
INSERT INTO `communities` (`id`, `name`, `created_at`, `updated_at`) VALUES (54, 'culpa', '2004-04-02 03:13:09', '1975-06-27 02:13:36');
INSERT INTO `communities` (`id`, `name`, `created_at`, `updated_at`) VALUES (55, 'itaque', '1986-06-27 02:14:25', '1983-02-21 14:51:36');
INSERT INTO `communities` (`id`, `name`, `created_at`, `updated_at`) VALUES (56, 'temporibus', '1975-02-15 03:45:41', '1996-09-23 15:39:48');
INSERT INTO `communities` (`id`, `name`, `created_at`, `updated_at`) VALUES (57, 'sunt', '2013-10-26 23:13:52', '2004-03-02 12:39:20');
INSERT INTO `communities` (`id`, `name`, `created_at`, `updated_at`) VALUES (58, 'dignissimos', '2006-05-15 21:01:54', '1987-12-03 15:43:18');
INSERT INTO `communities` (`id`, `name`, `created_at`, `updated_at`) VALUES (59, 'minus', '1970-01-02 00:45:12', '1992-08-28 20:42:11');
INSERT INTO `communities` (`id`, `name`, `created_at`, `updated_at`) VALUES (60, 'molestiae', '2019-07-06 15:02:41', '2015-01-30 15:54:56');
INSERT INTO `communities` (`id`, `name`, `created_at`, `updated_at`) VALUES (61, 'nulla', '1987-09-02 21:07:38', '1992-08-30 16:19:25');
INSERT INTO `communities` (`id`, `name`, `created_at`, `updated_at`) VALUES (62, 'esse', '2004-08-11 06:22:48', '1989-09-09 13:45:01');
INSERT INTO `communities` (`id`, `name`, `created_at`, `updated_at`) VALUES (63, 'repellendus', '1992-02-02 03:53:17', '1978-06-12 12:23:23');
INSERT INTO `communities` (`id`, `name`, `created_at`, `updated_at`) VALUES (64, 'sapiente', '1970-12-20 02:26:45', '1998-02-01 18:06:23');
INSERT INTO `communities` (`id`, `name`, `created_at`, `updated_at`) VALUES (65, 'vel', '2008-04-05 12:18:32', '1986-11-01 04:03:36');
INSERT INTO `communities` (`id`, `name`, `created_at`, `updated_at`) VALUES (66, 'ea', '2007-08-05 07:38:10', '2008-12-19 13:50:02');
INSERT INTO `communities` (`id`, `name`, `created_at`, `updated_at`) VALUES (67, 'non', '1994-06-23 15:19:37', '2010-02-19 14:15:19');
INSERT INTO `communities` (`id`, `name`, `created_at`, `updated_at`) VALUES (68, 'omnis', '2014-06-19 10:31:37', '1985-09-18 08:50:41');
INSERT INTO `communities` (`id`, `name`, `created_at`, `updated_at`) VALUES (69, 'facilis', '1972-12-02 06:37:48', '2011-10-01 13:38:34');
INSERT INTO `communities` (`id`, `name`, `created_at`, `updated_at`) VALUES (70, 'perspiciatis', '1996-06-11 10:46:52', '2020-08-15 06:06:10');
INSERT INTO `communities` (`id`, `name`, `created_at`, `updated_at`) VALUES (71, 'nostrum', '1999-10-10 06:24:41', '1994-01-21 06:53:20');
INSERT INTO `communities` (`id`, `name`, `created_at`, `updated_at`) VALUES (72, 'reprehenderit', '1978-03-19 07:35:46', '1974-12-30 20:56:55');
INSERT INTO `communities` (`id`, `name`, `created_at`, `updated_at`) VALUES (73, 'ad', '2018-11-26 12:57:33', '2005-02-05 20:56:24');
INSERT INTO `communities` (`id`, `name`, `created_at`, `updated_at`) VALUES (74, 'odio', '1974-06-07 20:40:46', '1989-06-19 21:13:58');
INSERT INTO `communities` (`id`, `name`, `created_at`, `updated_at`) VALUES (75, 'quis', '1975-03-12 14:47:24', '1989-03-18 01:48:07');
INSERT INTO `communities` (`id`, `name`, `created_at`, `updated_at`) VALUES (76, 'illo', '2008-05-28 19:25:59', '2008-03-19 23:02:19');
INSERT INTO `communities` (`id`, `name`, `created_at`, `updated_at`) VALUES (77, 'velit', '1977-10-02 23:54:29', '2015-09-11 06:44:39');
INSERT INTO `communities` (`id`, `name`, `created_at`, `updated_at`) VALUES (78, 'laborum', '1987-11-06 12:15:13', '1978-03-18 19:01:43');
INSERT INTO `communities` (`id`, `name`, `created_at`, `updated_at`) VALUES (79, 'harum', '2005-11-11 06:56:30', '1978-07-31 14:24:37');
INSERT INTO `communities` (`id`, `name`, `created_at`, `updated_at`) VALUES (80, 'aspernatur', '1971-09-26 00:11:53', '2008-07-21 03:31:56');
INSERT INTO `communities` (`id`, `name`, `created_at`, `updated_at`) VALUES (81, 'voluptas', '2020-04-12 20:11:00', '2016-07-10 22:56:32');
INSERT INTO `communities` (`id`, `name`, `created_at`, `updated_at`) VALUES (82, 'quidem', '1981-05-29 08:03:17', '1985-06-06 02:32:32');
INSERT INTO `communities` (`id`, `name`, `created_at`, `updated_at`) VALUES (83, 'quia', '2008-11-11 10:51:17', '2009-09-02 22:50:02');
INSERT INTO `communities` (`id`, `name`, `created_at`, `updated_at`) VALUES (84, 'quae', '2020-04-16 04:59:20', '2005-10-06 21:26:49');
INSERT INTO `communities` (`id`, `name`, `created_at`, `updated_at`) VALUES (85, 'aliquam', '1989-04-07 21:56:56', '2003-05-05 21:23:33');
INSERT INTO `communities` (`id`, `name`, `created_at`, `updated_at`) VALUES (86, 'laboriosam', '1992-12-21 06:53:57', '2004-07-05 23:29:38');
INSERT INTO `communities` (`id`, `name`, `created_at`, `updated_at`) VALUES (87, 'ex', '2007-02-23 21:16:22', '2001-11-21 01:23:05');
INSERT INTO `communities` (`id`, `name`, `created_at`, `updated_at`) VALUES (88, 'nihil', '1975-12-13 08:47:54', '1984-11-01 22:39:38');
INSERT INTO `communities` (`id`, `name`, `created_at`, `updated_at`) VALUES (89, 'consequuntur', '2019-07-21 01:43:52', '1989-12-11 01:49:57');
INSERT INTO `communities` (`id`, `name`, `created_at`, `updated_at`) VALUES (90, 'optio', '2002-05-30 14:25:07', '1984-05-04 04:19:48');
INSERT INTO `communities` (`id`, `name`, `created_at`, `updated_at`) VALUES (91, 'voluptate', '2017-04-07 06:46:26', '1970-11-22 12:29:35');
INSERT INTO `communities` (`id`, `name`, `created_at`, `updated_at`) VALUES (92, 'dolorum', '1983-10-28 02:20:48', '1998-06-28 14:47:14');
INSERT INTO `communities` (`id`, `name`, `created_at`, `updated_at`) VALUES (93, 'eum', '2016-04-25 21:40:12', '2006-12-19 00:11:03');
INSERT INTO `communities` (`id`, `name`, `created_at`, `updated_at`) VALUES (94, 'nam', '1999-12-28 22:23:30', '1973-08-29 20:27:43');
INSERT INTO `communities` (`id`, `name`, `created_at`, `updated_at`) VALUES (95, 'quo', '1970-05-03 01:21:37', '2012-02-29 03:04:08');
INSERT INTO `communities` (`id`, `name`, `created_at`, `updated_at`) VALUES (96, 'praesentium', '2012-02-24 18:56:08', '2001-05-15 14:16:22');
INSERT INTO `communities` (`id`, `name`, `created_at`, `updated_at`) VALUES (97, 'autem', '1979-06-10 10:00:51', '1994-11-03 12:42:42');
INSERT INTO `communities` (`id`, `name`, `created_at`, `updated_at`) VALUES (98, 'maxime', '1990-07-14 20:20:40', '2006-10-22 05:42:35');
INSERT INTO `communities` (`id`, `name`, `created_at`, `updated_at`) VALUES (99, 'facere', '1990-05-11 16:33:09', '2002-11-30 01:51:01');
INSERT INTO `communities` (`id`, `name`, `created_at`, `updated_at`) VALUES (100, 'perferendis', '1970-04-21 07:14:58', '1994-05-25 03:25:56');

INSERT INTO `communities_users` (`community_id`, `user_id`, `created_at`, `updated_at`) VALUES (1, 1, '1986-02-25 02:09:10', '2009-04-23 08:30:33');
INSERT INTO `communities_users` (`community_id`, `user_id`, `created_at`, `updated_at`) VALUES (2, 2, '1988-01-15 23:44:02', '1980-05-26 16:03:13');
INSERT INTO `communities_users` (`community_id`, `user_id`, `created_at`, `updated_at`) VALUES (3, 3, '1991-09-13 23:24:03', '2020-08-02 04:24:41');
INSERT INTO `communities_users` (`community_id`, `user_id`, `created_at`, `updated_at`) VALUES (4, 4, '1985-09-17 03:25:17', '1982-10-27 06:44:36');
INSERT INTO `communities_users` (`community_id`, `user_id`, `created_at`, `updated_at`) VALUES (5, 5, '1970-08-31 10:14:53', '1986-11-27 23:00:54');
INSERT INTO `communities_users` (`community_id`, `user_id`, `created_at`, `updated_at`) VALUES (6, 6, '2001-09-05 17:39:11', '1995-10-27 01:21:08');
INSERT INTO `communities_users` (`community_id`, `user_id`, `created_at`, `updated_at`) VALUES (7, 7, '1997-12-09 10:49:27', '1980-11-02 14:17:58');
INSERT INTO `communities_users` (`community_id`, `user_id`, `created_at`, `updated_at`) VALUES (8, 8, '1983-12-14 05:55:13', '2009-07-18 13:20:18');
INSERT INTO `communities_users` (`community_id`, `user_id`, `created_at`, `updated_at`) VALUES (9, 9, '2019-12-04 18:34:12', '1992-10-17 10:34:59');
INSERT INTO `communities_users` (`community_id`, `user_id`, `created_at`, `updated_at`) VALUES (10, 10, '1993-02-05 23:40:51', '2002-04-08 05:57:47');
INSERT INTO `communities_users` (`community_id`, `user_id`, `created_at`, `updated_at`) VALUES (11, 11, '2021-06-25 11:26:33', '2006-05-22 17:24:57');
INSERT INTO `communities_users` (`community_id`, `user_id`, `created_at`, `updated_at`) VALUES (12, 12, '1990-06-23 21:38:07', '2005-10-26 20:50:59');
INSERT INTO `communities_users` (`community_id`, `user_id`, `created_at`, `updated_at`) VALUES (13, 13, '1994-11-10 15:54:30', '1984-06-18 07:51:24');
INSERT INTO `communities_users` (`community_id`, `user_id`, `created_at`, `updated_at`) VALUES (14, 14, '1981-02-24 13:32:17', '1994-08-14 05:43:32');
INSERT INTO `communities_users` (`community_id`, `user_id`, `created_at`, `updated_at`) VALUES (15, 15, '1976-10-15 05:23:24', '1985-02-26 17:06:29');
INSERT INTO `communities_users` (`community_id`, `user_id`, `created_at`, `updated_at`) VALUES (16, 16, '1986-01-13 17:44:16', '1977-04-19 07:51:31');
INSERT INTO `communities_users` (`community_id`, `user_id`, `created_at`, `updated_at`) VALUES (17, 17, '1977-11-12 19:10:54', '1973-01-29 09:09:39');
INSERT INTO `communities_users` (`community_id`, `user_id`, `created_at`, `updated_at`) VALUES (18, 18, '2015-04-15 00:19:33', '1985-04-30 05:11:45');
INSERT INTO `communities_users` (`community_id`, `user_id`, `created_at`, `updated_at`) VALUES (19, 19, '1985-09-30 05:44:56', '1970-11-29 05:43:53');
INSERT INTO `communities_users` (`community_id`, `user_id`, `created_at`, `updated_at`) VALUES (20, 20, '1994-03-12 05:26:41', '2019-11-04 22:50:52');
INSERT INTO `communities_users` (`community_id`, `user_id`, `created_at`, `updated_at`) VALUES (21, 21, '2017-04-10 23:48:09', '2008-09-23 03:38:06');
INSERT INTO `communities_users` (`community_id`, `user_id`, `created_at`, `updated_at`) VALUES (22, 22, '1997-07-05 16:51:47', '1998-09-18 14:50:52');
INSERT INTO `communities_users` (`community_id`, `user_id`, `created_at`, `updated_at`) VALUES (23, 23, '1991-06-09 11:54:43', '1975-05-18 20:55:17');
INSERT INTO `communities_users` (`community_id`, `user_id`, `created_at`, `updated_at`) VALUES (24, 24, '2020-03-19 18:26:37', '1988-07-27 23:49:44');
INSERT INTO `communities_users` (`community_id`, `user_id`, `created_at`, `updated_at`) VALUES (25, 25, '1977-02-19 19:13:32', '1971-06-15 03:25:35');
INSERT INTO `communities_users` (`community_id`, `user_id`, `created_at`, `updated_at`) VALUES (26, 26, '2015-12-23 16:53:20', '2014-08-10 03:42:32');
INSERT INTO `communities_users` (`community_id`, `user_id`, `created_at`, `updated_at`) VALUES (27, 27, '2018-09-10 17:29:15', '2002-05-08 10:32:04');
INSERT INTO `communities_users` (`community_id`, `user_id`, `created_at`, `updated_at`) VALUES (28, 28, '2010-08-24 07:53:09', '2013-08-21 01:04:55');
INSERT INTO `communities_users` (`community_id`, `user_id`, `created_at`, `updated_at`) VALUES (29, 29, '2021-02-19 02:13:04', '1979-06-11 09:55:51');
INSERT INTO `communities_users` (`community_id`, `user_id`, `created_at`, `updated_at`) VALUES (30, 30, '1984-09-22 09:44:29', '2021-04-19 09:24:47');
INSERT INTO `communities_users` (`community_id`, `user_id`, `created_at`, `updated_at`) VALUES (31, 31, '2020-08-20 15:18:26', '1994-08-18 00:38:10');
INSERT INTO `communities_users` (`community_id`, `user_id`, `created_at`, `updated_at`) VALUES (32, 32, '1987-11-14 00:10:56', '2012-08-11 00:06:57');
INSERT INTO `communities_users` (`community_id`, `user_id`, `created_at`, `updated_at`) VALUES (33, 33, '2001-06-20 12:50:55', '2015-10-12 15:38:34');
INSERT INTO `communities_users` (`community_id`, `user_id`, `created_at`, `updated_at`) VALUES (34, 34, '2009-02-10 11:57:48', '1977-11-02 14:43:19');
INSERT INTO `communities_users` (`community_id`, `user_id`, `created_at`, `updated_at`) VALUES (35, 35, '2004-06-06 09:38:20', '1981-02-26 18:13:50');
INSERT INTO `communities_users` (`community_id`, `user_id`, `created_at`, `updated_at`) VALUES (36, 36, '2010-08-25 10:24:12', '1997-06-15 20:41:18');
INSERT INTO `communities_users` (`community_id`, `user_id`, `created_at`, `updated_at`) VALUES (37, 37, '2009-12-15 18:00:03', '1995-10-10 22:41:27');
INSERT INTO `communities_users` (`community_id`, `user_id`, `created_at`, `updated_at`) VALUES (38, 38, '1977-11-04 17:37:03', '1993-07-24 07:06:41');
INSERT INTO `communities_users` (`community_id`, `user_id`, `created_at`, `updated_at`) VALUES (39, 39, '1999-10-25 16:55:09', '1976-08-02 18:31:16');
INSERT INTO `communities_users` (`community_id`, `user_id`, `created_at`, `updated_at`) VALUES (40, 40, '2003-05-06 13:07:38', '1985-03-16 16:39:49');
INSERT INTO `communities_users` (`community_id`, `user_id`, `created_at`, `updated_at`) VALUES (41, 41, '2013-07-25 09:39:12', '1981-01-30 12:25:20');
INSERT INTO `communities_users` (`community_id`, `user_id`, `created_at`, `updated_at`) VALUES (42, 42, '2014-07-08 14:15:28', '2017-04-08 02:32:31');
INSERT INTO `communities_users` (`community_id`, `user_id`, `created_at`, `updated_at`) VALUES (43, 43, '1981-06-27 17:15:01', '1981-03-20 08:45:26');
INSERT INTO `communities_users` (`community_id`, `user_id`, `created_at`, `updated_at`) VALUES (44, 44, '2006-03-17 03:33:03', '1995-03-30 07:26:28');
INSERT INTO `communities_users` (`community_id`, `user_id`, `created_at`, `updated_at`) VALUES (45, 45, '2018-01-09 01:04:09', '1995-02-13 22:43:42');
INSERT INTO `communities_users` (`community_id`, `user_id`, `created_at`, `updated_at`) VALUES (46, 46, '1994-01-28 07:50:06', '1982-07-03 12:18:36');
INSERT INTO `communities_users` (`community_id`, `user_id`, `created_at`, `updated_at`) VALUES (47, 47, '1978-01-06 18:48:57', '1997-05-07 17:45:13');
INSERT INTO `communities_users` (`community_id`, `user_id`, `created_at`, `updated_at`) VALUES (48, 48, '2016-03-13 00:19:54', '2008-01-18 06:14:34');
INSERT INTO `communities_users` (`community_id`, `user_id`, `created_at`, `updated_at`) VALUES (49, 49, '2012-12-06 09:08:50', '1976-12-26 16:06:50');
INSERT INTO `communities_users` (`community_id`, `user_id`, `created_at`, `updated_at`) VALUES (50, 50, '2019-06-28 05:49:15', '2021-05-17 04:41:19');
INSERT INTO `communities_users` (`community_id`, `user_id`, `created_at`, `updated_at`) VALUES (51, 51, '2005-09-29 14:29:24', '2002-11-27 17:22:09');
INSERT INTO `communities_users` (`community_id`, `user_id`, `created_at`, `updated_at`) VALUES (52, 52, '2012-10-25 04:16:25', '1994-12-26 14:59:44');
INSERT INTO `communities_users` (`community_id`, `user_id`, `created_at`, `updated_at`) VALUES (53, 53, '1975-03-28 12:06:22', '2013-05-31 06:12:13');
INSERT INTO `communities_users` (`community_id`, `user_id`, `created_at`, `updated_at`) VALUES (54, 54, '1991-01-04 02:25:55', '1977-03-19 13:55:48');
INSERT INTO `communities_users` (`community_id`, `user_id`, `created_at`, `updated_at`) VALUES (55, 55, '1974-04-26 10:13:19', '2004-03-29 03:26:22');
INSERT INTO `communities_users` (`community_id`, `user_id`, `created_at`, `updated_at`) VALUES (56, 56, '2003-03-27 12:32:28', '1989-09-24 16:53:26');
INSERT INTO `communities_users` (`community_id`, `user_id`, `created_at`, `updated_at`) VALUES (57, 57, '1984-03-08 12:36:23', '2008-12-17 22:36:33');
INSERT INTO `communities_users` (`community_id`, `user_id`, `created_at`, `updated_at`) VALUES (58, 58, '1991-11-20 09:13:01', '1986-08-20 03:24:02');
INSERT INTO `communities_users` (`community_id`, `user_id`, `created_at`, `updated_at`) VALUES (59, 59, '1972-12-23 03:37:22', '2014-06-25 14:23:04');
INSERT INTO `communities_users` (`community_id`, `user_id`, `created_at`, `updated_at`) VALUES (60, 60, '2021-06-08 22:10:53', '1981-06-19 06:15:55');
INSERT INTO `communities_users` (`community_id`, `user_id`, `created_at`, `updated_at`) VALUES (61, 61, '2014-06-23 12:49:54', '1972-08-27 15:11:31');
INSERT INTO `communities_users` (`community_id`, `user_id`, `created_at`, `updated_at`) VALUES (62, 62, '2007-03-07 08:10:45', '2007-10-11 21:44:45');
INSERT INTO `communities_users` (`community_id`, `user_id`, `created_at`, `updated_at`) VALUES (63, 63, '2009-11-19 14:49:49', '1991-10-22 04:08:37');
INSERT INTO `communities_users` (`community_id`, `user_id`, `created_at`, `updated_at`) VALUES (64, 64, '1971-07-24 05:31:37', '1999-08-08 05:48:08');
INSERT INTO `communities_users` (`community_id`, `user_id`, `created_at`, `updated_at`) VALUES (65, 65, '1978-08-02 11:58:24', '2016-11-01 10:05:27');
INSERT INTO `communities_users` (`community_id`, `user_id`, `created_at`, `updated_at`) VALUES (66, 66, '1983-07-26 02:19:37', '2001-09-12 11:09:26');
INSERT INTO `communities_users` (`community_id`, `user_id`, `created_at`, `updated_at`) VALUES (67, 67, '2004-10-01 08:08:46', '1998-11-20 07:37:47');
INSERT INTO `communities_users` (`community_id`, `user_id`, `created_at`, `updated_at`) VALUES (68, 68, '1990-08-19 04:51:41', '1998-09-04 11:00:15');
INSERT INTO `communities_users` (`community_id`, `user_id`, `created_at`, `updated_at`) VALUES (69, 69, '1980-09-10 19:16:35', '2008-11-29 19:28:17');
INSERT INTO `communities_users` (`community_id`, `user_id`, `created_at`, `updated_at`) VALUES (70, 70, '1980-03-29 06:01:26', '2020-04-14 11:02:12');
INSERT INTO `communities_users` (`community_id`, `user_id`, `created_at`, `updated_at`) VALUES (71, 71, '2012-03-25 05:29:01', '2016-04-19 14:27:30');
INSERT INTO `communities_users` (`community_id`, `user_id`, `created_at`, `updated_at`) VALUES (72, 72, '2018-11-15 18:12:56', '2010-02-19 15:33:39');
INSERT INTO `communities_users` (`community_id`, `user_id`, `created_at`, `updated_at`) VALUES (73, 73, '2009-08-19 04:17:25', '2019-11-06 14:28:03');
INSERT INTO `communities_users` (`community_id`, `user_id`, `created_at`, `updated_at`) VALUES (74, 74, '2017-02-15 01:44:33', '1971-03-04 21:54:42');
INSERT INTO `communities_users` (`community_id`, `user_id`, `created_at`, `updated_at`) VALUES (75, 75, '1982-01-10 11:26:53', '2008-09-26 03:36:25');
INSERT INTO `communities_users` (`community_id`, `user_id`, `created_at`, `updated_at`) VALUES (76, 76, '1996-02-21 08:00:31', '2007-05-18 15:17:36');
INSERT INTO `communities_users` (`community_id`, `user_id`, `created_at`, `updated_at`) VALUES (77, 77, '1976-01-23 07:00:57', '2008-06-28 12:18:44');
INSERT INTO `communities_users` (`community_id`, `user_id`, `created_at`, `updated_at`) VALUES (78, 78, '1985-01-04 13:58:39', '2001-01-08 15:06:47');
INSERT INTO `communities_users` (`community_id`, `user_id`, `created_at`, `updated_at`) VALUES (79, 79, '1972-05-11 05:01:47', '1997-12-30 00:49:37');
INSERT INTO `communities_users` (`community_id`, `user_id`, `created_at`, `updated_at`) VALUES (80, 80, '2021-02-06 04:35:09', '2016-03-14 23:45:08');
INSERT INTO `communities_users` (`community_id`, `user_id`, `created_at`, `updated_at`) VALUES (81, 81, '1989-02-27 02:23:40', '1980-03-15 16:45:42');
INSERT INTO `communities_users` (`community_id`, `user_id`, `created_at`, `updated_at`) VALUES (82, 82, '1979-09-05 04:52:41', '1985-12-15 23:36:00');
INSERT INTO `communities_users` (`community_id`, `user_id`, `created_at`, `updated_at`) VALUES (83, 83, '1984-05-03 23:11:31', '1991-07-10 02:06:19');
INSERT INTO `communities_users` (`community_id`, `user_id`, `created_at`, `updated_at`) VALUES (84, 84, '1975-05-28 10:28:13', '1975-01-04 15:30:32');
INSERT INTO `communities_users` (`community_id`, `user_id`, `created_at`, `updated_at`) VALUES (85, 85, '2000-08-25 06:42:02', '1986-02-22 05:59:27');
INSERT INTO `communities_users` (`community_id`, `user_id`, `created_at`, `updated_at`) VALUES (86, 86, '2008-02-24 20:22:25', '2010-01-02 03:39:37');
INSERT INTO `communities_users` (`community_id`, `user_id`, `created_at`, `updated_at`) VALUES (87, 87, '2000-07-09 01:25:04', '2005-10-18 21:50:38');
INSERT INTO `communities_users` (`community_id`, `user_id`, `created_at`, `updated_at`) VALUES (88, 88, '1983-10-17 16:48:59', '2005-07-25 20:54:36');
INSERT INTO `communities_users` (`community_id`, `user_id`, `created_at`, `updated_at`) VALUES (89, 89, '2019-12-11 04:00:46', '1997-08-06 05:35:52');
INSERT INTO `communities_users` (`community_id`, `user_id`, `created_at`, `updated_at`) VALUES (90, 90, '2011-04-23 14:18:56', '1982-10-26 03:53:01');
INSERT INTO `communities_users` (`community_id`, `user_id`, `created_at`, `updated_at`) VALUES (91, 91, '1992-05-26 05:09:15', '1990-03-30 02:05:11');
INSERT INTO `communities_users` (`community_id`, `user_id`, `created_at`, `updated_at`) VALUES (92, 92, '2006-10-31 14:02:01', '1985-08-21 21:43:10');
INSERT INTO `communities_users` (`community_id`, `user_id`, `created_at`, `updated_at`) VALUES (93, 93, '1976-11-09 10:11:49', '2016-02-21 15:39:23');
INSERT INTO `communities_users` (`community_id`, `user_id`, `created_at`, `updated_at`) VALUES (94, 94, '2017-11-08 15:33:25', '1983-04-05 15:31:48');
INSERT INTO `communities_users` (`community_id`, `user_id`, `created_at`, `updated_at`) VALUES (95, 95, '2000-05-31 23:08:10', '1992-07-24 21:45:11');
INSERT INTO `communities_users` (`community_id`, `user_id`, `created_at`, `updated_at`) VALUES (96, 96, '2006-06-16 05:41:47', '1992-04-06 14:29:21');
INSERT INTO `communities_users` (`community_id`, `user_id`, `created_at`, `updated_at`) VALUES (97, 97, '1989-10-30 04:55:26', '1982-02-09 02:32:08');
INSERT INTO `communities_users` (`community_id`, `user_id`, `created_at`, `updated_at`) VALUES (98, 98, '2010-10-14 03:25:37', '1974-04-25 15:44:50');
INSERT INTO `communities_users` (`community_id`, `user_id`, `created_at`, `updated_at`) VALUES (99, 99, '1972-04-11 04:57:34', '2000-11-18 21:40:05');
INSERT INTO `communities_users` (`community_id`, `user_id`, `created_at`, `updated_at`) VALUES (100, 100, '1975-05-21 16:24:49', '2006-08-01 20:08:48');

INSERT INTO `friendship_request_types` (`id`, `name`, `created_at`, `updated_at`) VALUES (1, '', '2007-03-06 02:54:37', '1999-12-06 05:24:45');
INSERT INTO `friendship_request_types` (`id`, `name`, `created_at`, `updated_at`) VALUES (2, '', '1989-09-24 21:14:28', '1980-05-11 13:06:36');
INSERT INTO `friendship_request_types` (`id`, `name`, `created_at`, `updated_at`) VALUES (3, '', '1997-05-09 11:10:19', '2004-11-26 15:20:11');

INSERT INTO `friendship` (`user_id`, `friend_id`, `request_type_id`, `requested_at`, `confirmed_at`, `created_at`, `updated_at`) VALUES (1, 1, 1, '2003-04-25 10:25:56', '1977-03-09 07:40:47', '1987-06-12 22:41:30', '2018-04-27 20:40:43');
INSERT INTO `friendship` (`user_id`, `friend_id`, `request_type_id`, `requested_at`, `confirmed_at`, `created_at`, `updated_at`) VALUES (2, 2, 2, '2010-04-24 05:54:21', '2004-03-16 13:52:33', '1986-01-24 01:29:44', '2020-06-09 05:53:19');
INSERT INTO `friendship` (`user_id`, `friend_id`, `request_type_id`, `requested_at`, `confirmed_at`, `created_at`, `updated_at`) VALUES (3, 3, 3, '1995-02-02 08:55:42', '1984-08-07 15:12:49', '2004-12-27 02:13:58', '1999-01-13 04:43:57');
INSERT INTO `friendship` (`user_id`, `friend_id`, `request_type_id`, `requested_at`, `confirmed_at`, `created_at`, `updated_at`) VALUES (4, 4, 1, '1971-04-05 22:22:33', '1977-09-11 12:13:26', '2014-02-20 00:34:33', '1974-02-23 13:55:42');
INSERT INTO `friendship` (`user_id`, `friend_id`, `request_type_id`, `requested_at`, `confirmed_at`, `created_at`, `updated_at`) VALUES (5, 5, 2, '2012-03-27 22:41:40', '2002-03-01 23:58:06', '1974-12-07 14:02:31', '1991-12-19 09:33:51');
INSERT INTO `friendship` (`user_id`, `friend_id`, `request_type_id`, `requested_at`, `confirmed_at`, `created_at`, `updated_at`) VALUES (6, 6, 3, '1976-11-06 19:16:58', '1995-07-02 00:49:11', '2016-06-25 10:37:26', '1981-10-23 20:37:42');
INSERT INTO `friendship` (`user_id`, `friend_id`, `request_type_id`, `requested_at`, `confirmed_at`, `created_at`, `updated_at`) VALUES (7, 7, 1, '2003-02-21 15:08:19', '1975-07-09 12:35:18', '2005-12-12 08:07:14', '1994-01-31 07:57:19');
INSERT INTO `friendship` (`user_id`, `friend_id`, `request_type_id`, `requested_at`, `confirmed_at`, `created_at`, `updated_at`) VALUES (8, 8, 2, '2004-07-15 21:24:29', '2021-07-14 12:11:19', '1971-10-22 23:22:08', '2012-05-09 12:42:08');
INSERT INTO `friendship` (`user_id`, `friend_id`, `request_type_id`, `requested_at`, `confirmed_at`, `created_at`, `updated_at`) VALUES (9, 9, 3, '1988-01-09 13:42:22', '2014-04-11 06:17:40', '2009-02-18 21:42:45', '2013-03-13 13:24:41');
INSERT INTO `friendship` (`user_id`, `friend_id`, `request_type_id`, `requested_at`, `confirmed_at`, `created_at`, `updated_at`) VALUES (10, 10, 1, '2020-04-24 20:50:45', '1972-11-20 16:39:32', '1976-01-04 02:56:25', '1986-12-05 00:22:26');
INSERT INTO `friendship` (`user_id`, `friend_id`, `request_type_id`, `requested_at`, `confirmed_at`, `created_at`, `updated_at`) VALUES (11, 11, 2, '2017-03-31 01:47:32', '2021-07-09 11:12:59', '1996-12-12 05:35:01', '1977-11-29 23:25:53');
INSERT INTO `friendship` (`user_id`, `friend_id`, `request_type_id`, `requested_at`, `confirmed_at`, `created_at`, `updated_at`) VALUES (12, 12, 3, '1995-02-22 04:46:12', '1997-11-21 02:02:52', '1977-04-07 06:37:36', '1973-08-08 15:57:34');
INSERT INTO `friendship` (`user_id`, `friend_id`, `request_type_id`, `requested_at`, `confirmed_at`, `created_at`, `updated_at`) VALUES (13, 13, 1, '1991-05-03 00:36:14', '1975-05-23 08:20:15', '1984-04-12 12:28:07', '2002-06-22 01:16:40');
INSERT INTO `friendship` (`user_id`, `friend_id`, `request_type_id`, `requested_at`, `confirmed_at`, `created_at`, `updated_at`) VALUES (14, 14, 2, '2002-03-21 19:33:15', '1981-11-09 21:45:18', '1988-05-20 04:31:12', '2012-08-03 18:46:17');
INSERT INTO `friendship` (`user_id`, `friend_id`, `request_type_id`, `requested_at`, `confirmed_at`, `created_at`, `updated_at`) VALUES (15, 15, 3, '2011-01-09 12:01:14', '2020-11-02 18:16:37', '2014-10-28 16:16:11', '2008-10-06 20:34:36');
INSERT INTO `friendship` (`user_id`, `friend_id`, `request_type_id`, `requested_at`, `confirmed_at`, `created_at`, `updated_at`) VALUES (16, 16, 1, '1993-09-18 23:04:35', '2020-07-13 21:25:19', '2011-05-22 15:21:32', '2009-08-08 18:11:11');
INSERT INTO `friendship` (`user_id`, `friend_id`, `request_type_id`, `requested_at`, `confirmed_at`, `created_at`, `updated_at`) VALUES (17, 17, 2, '2014-09-16 17:10:37', '2001-04-28 03:29:50', '1993-01-11 14:50:05', '2008-04-25 05:02:38');
INSERT INTO `friendship` (`user_id`, `friend_id`, `request_type_id`, `requested_at`, `confirmed_at`, `created_at`, `updated_at`) VALUES (18, 18, 3, '2020-10-22 10:59:16', '1975-04-04 12:37:11', '2009-06-28 03:20:06', '1973-10-18 06:46:52');
INSERT INTO `friendship` (`user_id`, `friend_id`, `request_type_id`, `requested_at`, `confirmed_at`, `created_at`, `updated_at`) VALUES (19, 19, 1, '1993-03-10 09:00:57', '1980-08-21 10:29:43', '1986-08-05 14:04:16', '1995-11-14 16:40:07');
INSERT INTO `friendship` (`user_id`, `friend_id`, `request_type_id`, `requested_at`, `confirmed_at`, `created_at`, `updated_at`) VALUES (20, 20, 2, '1991-09-29 04:08:26', '1988-05-28 05:17:40', '2011-02-06 10:33:47', '1977-07-07 07:12:28');
INSERT INTO `friendship` (`user_id`, `friend_id`, `request_type_id`, `requested_at`, `confirmed_at`, `created_at`, `updated_at`) VALUES (21, 21, 3, '1984-05-05 20:28:44', '1997-06-08 14:04:35', '1993-05-28 19:49:00', '1971-08-18 09:08:35');
INSERT INTO `friendship` (`user_id`, `friend_id`, `request_type_id`, `requested_at`, `confirmed_at`, `created_at`, `updated_at`) VALUES (22, 22, 1, '1999-08-24 02:38:50', '2008-01-16 11:42:53', '1976-05-10 07:01:39', '1988-12-13 22:45:10');
INSERT INTO `friendship` (`user_id`, `friend_id`, `request_type_id`, `requested_at`, `confirmed_at`, `created_at`, `updated_at`) VALUES (23, 23, 2, '2001-05-30 23:29:10', '1975-05-25 23:12:11', '2002-07-23 01:28:36', '1973-12-07 08:43:42');
INSERT INTO `friendship` (`user_id`, `friend_id`, `request_type_id`, `requested_at`, `confirmed_at`, `created_at`, `updated_at`) VALUES (24, 24, 3, '2019-04-29 07:34:13', '1975-02-28 23:25:10', '2014-05-31 19:35:22', '2007-06-06 23:43:39');
INSERT INTO `friendship` (`user_id`, `friend_id`, `request_type_id`, `requested_at`, `confirmed_at`, `created_at`, `updated_at`) VALUES (25, 25, 1, '1994-10-16 10:32:20', '2003-09-10 06:39:12', '1970-03-23 22:46:56', '1981-03-16 03:21:09');
INSERT INTO `friendship` (`user_id`, `friend_id`, `request_type_id`, `requested_at`, `confirmed_at`, `created_at`, `updated_at`) VALUES (26, 26, 2, '2016-11-26 12:10:28', '2003-09-20 12:40:44', '1996-04-05 22:59:28', '1992-09-23 20:34:15');
INSERT INTO `friendship` (`user_id`, `friend_id`, `request_type_id`, `requested_at`, `confirmed_at`, `created_at`, `updated_at`) VALUES (27, 27, 3, '1972-06-01 08:07:12', '2006-02-19 10:48:29', '2003-10-27 21:30:15', '2019-11-02 05:42:48');
INSERT INTO `friendship` (`user_id`, `friend_id`, `request_type_id`, `requested_at`, `confirmed_at`, `created_at`, `updated_at`) VALUES (28, 28, 1, '2011-06-12 16:38:53', '1979-08-30 14:06:17', '1994-02-14 15:28:39', '1988-07-19 09:28:25');
INSERT INTO `friendship` (`user_id`, `friend_id`, `request_type_id`, `requested_at`, `confirmed_at`, `created_at`, `updated_at`) VALUES (29, 29, 2, '2008-11-29 10:13:41', '1999-05-12 18:38:32', '2019-06-30 18:01:27', '2014-04-25 21:26:34');
INSERT INTO `friendship` (`user_id`, `friend_id`, `request_type_id`, `requested_at`, `confirmed_at`, `created_at`, `updated_at`) VALUES (30, 30, 3, '1978-03-29 22:25:09', '2007-10-26 03:12:25', '1986-08-18 16:56:46', '1994-09-28 20:02:41');
INSERT INTO `friendship` (`user_id`, `friend_id`, `request_type_id`, `requested_at`, `confirmed_at`, `created_at`, `updated_at`) VALUES (31, 31, 1, '2010-01-02 07:06:27', '2002-11-23 00:48:37', '1978-03-22 23:12:08', '1993-08-24 09:00:11');
INSERT INTO `friendship` (`user_id`, `friend_id`, `request_type_id`, `requested_at`, `confirmed_at`, `created_at`, `updated_at`) VALUES (32, 32, 2, '2017-05-21 12:18:41', '1978-05-25 08:48:40', '1979-04-23 20:26:03', '1995-02-26 10:44:04');
INSERT INTO `friendship` (`user_id`, `friend_id`, `request_type_id`, `requested_at`, `confirmed_at`, `created_at`, `updated_at`) VALUES (33, 33, 3, '1970-07-28 04:13:48', '1994-01-05 23:33:28', '2006-09-26 23:53:04', '1996-09-05 07:54:47');
INSERT INTO `friendship` (`user_id`, `friend_id`, `request_type_id`, `requested_at`, `confirmed_at`, `created_at`, `updated_at`) VALUES (34, 34, 1, '2020-02-27 02:57:55', '2016-12-16 09:08:48', '1977-12-30 10:50:19', '1988-05-20 16:30:29');
INSERT INTO `friendship` (`user_id`, `friend_id`, `request_type_id`, `requested_at`, `confirmed_at`, `created_at`, `updated_at`) VALUES (35, 35, 2, '2005-07-13 12:33:28', '1987-08-28 16:36:26', '1987-10-28 09:39:51', '1989-06-26 08:31:26');
INSERT INTO `friendship` (`user_id`, `friend_id`, `request_type_id`, `requested_at`, `confirmed_at`, `created_at`, `updated_at`) VALUES (36, 36, 3, '1993-08-26 08:35:59', '2010-07-23 08:33:12', '1978-10-15 04:56:00', '1988-03-12 21:13:40');
INSERT INTO `friendship` (`user_id`, `friend_id`, `request_type_id`, `requested_at`, `confirmed_at`, `created_at`, `updated_at`) VALUES (37, 37, 1, '2007-03-06 12:26:25', '1970-08-28 05:05:06', '2001-04-17 09:39:06', '2006-01-15 06:12:54');
INSERT INTO `friendship` (`user_id`, `friend_id`, `request_type_id`, `requested_at`, `confirmed_at`, `created_at`, `updated_at`) VALUES (38, 38, 2, '1978-10-02 15:15:28', '1983-05-30 12:56:50', '2004-08-23 03:40:08', '1997-09-14 12:31:17');
INSERT INTO `friendship` (`user_id`, `friend_id`, `request_type_id`, `requested_at`, `confirmed_at`, `created_at`, `updated_at`) VALUES (39, 39, 3, '2015-07-16 10:59:12', '1996-06-08 19:05:12', '2010-12-17 12:19:34', '1989-01-24 21:01:42');
INSERT INTO `friendship` (`user_id`, `friend_id`, `request_type_id`, `requested_at`, `confirmed_at`, `created_at`, `updated_at`) VALUES (40, 40, 1, '1982-03-14 15:10:19', '1994-10-06 04:30:03', '1971-05-10 12:16:01', '2013-03-04 15:13:46');
INSERT INTO `friendship` (`user_id`, `friend_id`, `request_type_id`, `requested_at`, `confirmed_at`, `created_at`, `updated_at`) VALUES (41, 41, 2, '2010-01-03 09:29:36', '1999-12-16 14:46:24', '2020-05-12 03:03:34', '1991-04-03 07:33:10');
INSERT INTO `friendship` (`user_id`, `friend_id`, `request_type_id`, `requested_at`, `confirmed_at`, `created_at`, `updated_at`) VALUES (42, 42, 3, '1990-10-17 07:44:02', '2007-11-28 00:58:17', '2013-03-29 08:26:25', '1972-05-10 19:39:50');
INSERT INTO `friendship` (`user_id`, `friend_id`, `request_type_id`, `requested_at`, `confirmed_at`, `created_at`, `updated_at`) VALUES (43, 43, 1, '2012-02-29 11:40:40', '1983-10-15 18:08:07', '2006-05-03 17:48:59', '2003-06-10 05:24:33');
INSERT INTO `friendship` (`user_id`, `friend_id`, `request_type_id`, `requested_at`, `confirmed_at`, `created_at`, `updated_at`) VALUES (44, 44, 2, '2003-10-31 20:19:03', '1994-05-03 19:45:40', '1994-11-15 18:55:28', '2006-01-03 02:49:11');
INSERT INTO `friendship` (`user_id`, `friend_id`, `request_type_id`, `requested_at`, `confirmed_at`, `created_at`, `updated_at`) VALUES (45, 45, 3, '1999-09-29 01:27:28', '1983-03-07 19:16:10', '2017-09-19 22:25:33', '2002-12-31 01:57:29');
INSERT INTO `friendship` (`user_id`, `friend_id`, `request_type_id`, `requested_at`, `confirmed_at`, `created_at`, `updated_at`) VALUES (46, 46, 1, '1986-04-04 12:52:23', '1978-10-15 21:37:49', '2001-03-14 19:27:59', '1995-06-03 05:47:45');
INSERT INTO `friendship` (`user_id`, `friend_id`, `request_type_id`, `requested_at`, `confirmed_at`, `created_at`, `updated_at`) VALUES (47, 47, 2, '2006-04-13 00:49:38', '1985-12-15 09:47:56', '2000-01-14 12:30:39', '2005-06-30 23:20:33');
INSERT INTO `friendship` (`user_id`, `friend_id`, `request_type_id`, `requested_at`, `confirmed_at`, `created_at`, `updated_at`) VALUES (48, 48, 3, '2021-04-13 10:46:51', '1976-02-24 15:16:46', '2001-02-26 10:38:25', '2015-04-15 20:29:59');
INSERT INTO `friendship` (`user_id`, `friend_id`, `request_type_id`, `requested_at`, `confirmed_at`, `created_at`, `updated_at`) VALUES (49, 49, 1, '2004-02-24 10:07:07', '2003-02-13 15:19:14', '1989-05-23 06:43:18', '1979-04-16 09:06:28');
INSERT INTO `friendship` (`user_id`, `friend_id`, `request_type_id`, `requested_at`, `confirmed_at`, `created_at`, `updated_at`) VALUES (50, 50, 2, '1988-12-18 14:18:46', '2003-07-01 11:59:21', '2018-11-04 06:18:19', '1975-02-08 12:55:50');
INSERT INTO `friendship` (`user_id`, `friend_id`, `request_type_id`, `requested_at`, `confirmed_at`, `created_at`, `updated_at`) VALUES (51, 51, 3, '2000-01-24 23:19:36', '1990-11-02 22:08:11', '1988-03-26 01:18:48', '2018-07-07 19:22:48');
INSERT INTO `friendship` (`user_id`, `friend_id`, `request_type_id`, `requested_at`, `confirmed_at`, `created_at`, `updated_at`) VALUES (52, 52, 1, '2000-08-18 04:19:16', '2008-11-24 06:03:13', '2003-04-17 13:59:10', '1987-03-10 19:28:13');
INSERT INTO `friendship` (`user_id`, `friend_id`, `request_type_id`, `requested_at`, `confirmed_at`, `created_at`, `updated_at`) VALUES (53, 53, 2, '2020-02-18 23:00:43', '1981-10-13 06:18:34', '2016-10-12 13:41:41', '1983-01-14 22:03:39');
INSERT INTO `friendship` (`user_id`, `friend_id`, `request_type_id`, `requested_at`, `confirmed_at`, `created_at`, `updated_at`) VALUES (54, 54, 3, '2019-05-09 14:48:09', '2007-08-05 23:02:16', '1990-07-19 18:44:06', '1993-12-01 02:59:56');
INSERT INTO `friendship` (`user_id`, `friend_id`, `request_type_id`, `requested_at`, `confirmed_at`, `created_at`, `updated_at`) VALUES (55, 55, 1, '2005-01-01 14:28:33', '1973-06-11 18:35:35', '2008-08-23 12:42:45', '1973-11-16 06:59:39');
INSERT INTO `friendship` (`user_id`, `friend_id`, `request_type_id`, `requested_at`, `confirmed_at`, `created_at`, `updated_at`) VALUES (56, 56, 2, '1990-05-22 12:58:08', '1991-07-04 23:22:44', '2002-01-23 13:36:57', '2016-02-16 06:20:40');
INSERT INTO `friendship` (`user_id`, `friend_id`, `request_type_id`, `requested_at`, `confirmed_at`, `created_at`, `updated_at`) VALUES (57, 57, 3, '2007-04-28 04:40:15', '2012-10-18 04:48:53', '2015-06-03 11:13:54', '2004-07-12 10:33:47');
INSERT INTO `friendship` (`user_id`, `friend_id`, `request_type_id`, `requested_at`, `confirmed_at`, `created_at`, `updated_at`) VALUES (58, 58, 1, '2008-02-15 00:32:02', '2020-06-12 22:20:46', '1987-05-04 08:15:34', '1986-10-12 14:40:00');
INSERT INTO `friendship` (`user_id`, `friend_id`, `request_type_id`, `requested_at`, `confirmed_at`, `created_at`, `updated_at`) VALUES (59, 59, 2, '1989-02-04 07:28:07', '2005-05-22 09:34:03', '1994-08-05 21:17:38', '1988-06-28 08:14:52');
INSERT INTO `friendship` (`user_id`, `friend_id`, `request_type_id`, `requested_at`, `confirmed_at`, `created_at`, `updated_at`) VALUES (60, 60, 3, '2012-09-07 23:38:01', '1980-05-05 00:19:26', '2016-06-01 21:03:59', '2014-07-28 00:53:44');
INSERT INTO `friendship` (`user_id`, `friend_id`, `request_type_id`, `requested_at`, `confirmed_at`, `created_at`, `updated_at`) VALUES (61, 61, 1, '2007-02-11 04:50:38', '1994-03-03 22:52:19', '2002-11-21 18:45:00', '1981-01-17 14:36:47');
INSERT INTO `friendship` (`user_id`, `friend_id`, `request_type_id`, `requested_at`, `confirmed_at`, `created_at`, `updated_at`) VALUES (62, 62, 2, '1993-11-23 10:25:51', '1978-11-27 00:27:53', '2002-10-19 10:01:49', '2015-08-30 19:23:53');
INSERT INTO `friendship` (`user_id`, `friend_id`, `request_type_id`, `requested_at`, `confirmed_at`, `created_at`, `updated_at`) VALUES (63, 63, 3, '2002-11-28 19:27:53', '2005-10-12 16:30:16', '1979-06-15 01:58:26', '2016-11-11 06:18:46');
INSERT INTO `friendship` (`user_id`, `friend_id`, `request_type_id`, `requested_at`, `confirmed_at`, `created_at`, `updated_at`) VALUES (64, 64, 1, '1995-04-18 07:52:14', '1998-04-25 06:47:16', '1994-01-21 03:54:05', '1978-11-03 06:39:11');
INSERT INTO `friendship` (`user_id`, `friend_id`, `request_type_id`, `requested_at`, `confirmed_at`, `created_at`, `updated_at`) VALUES (65, 65, 2, '2010-07-21 06:19:40', '1974-08-20 00:27:51', '2006-05-06 03:00:30', '1973-11-12 00:06:16');
INSERT INTO `friendship` (`user_id`, `friend_id`, `request_type_id`, `requested_at`, `confirmed_at`, `created_at`, `updated_at`) VALUES (66, 66, 3, '2006-04-10 04:56:32', '1994-06-19 09:16:04', '2000-09-26 13:53:29', '1998-06-29 22:15:54');
INSERT INTO `friendship` (`user_id`, `friend_id`, `request_type_id`, `requested_at`, `confirmed_at`, `created_at`, `updated_at`) VALUES (67, 67, 1, '2006-08-16 16:09:55', '2015-03-16 20:55:10', '2000-08-31 10:51:33', '1973-07-23 22:35:56');
INSERT INTO `friendship` (`user_id`, `friend_id`, `request_type_id`, `requested_at`, `confirmed_at`, `created_at`, `updated_at`) VALUES (68, 68, 2, '1972-07-14 10:29:21', '2019-08-25 07:05:07', '1996-11-25 12:15:27', '1982-11-24 01:15:46');
INSERT INTO `friendship` (`user_id`, `friend_id`, `request_type_id`, `requested_at`, `confirmed_at`, `created_at`, `updated_at`) VALUES (69, 69, 3, '1975-04-17 14:30:18', '1995-05-22 18:02:57', '2004-01-29 07:22:15', '2001-07-02 11:16:47');
INSERT INTO `friendship` (`user_id`, `friend_id`, `request_type_id`, `requested_at`, `confirmed_at`, `created_at`, `updated_at`) VALUES (70, 70, 1, '2010-02-28 12:39:41', '1973-09-05 11:57:14', '2004-01-15 08:45:45', '2007-10-01 08:38:12');
INSERT INTO `friendship` (`user_id`, `friend_id`, `request_type_id`, `requested_at`, `confirmed_at`, `created_at`, `updated_at`) VALUES (71, 71, 2, '1990-06-23 16:26:14', '1997-10-20 07:20:32', '1986-12-17 04:53:37', '2004-09-09 17:48:05');
INSERT INTO `friendship` (`user_id`, `friend_id`, `request_type_id`, `requested_at`, `confirmed_at`, `created_at`, `updated_at`) VALUES (72, 72, 3, '1992-07-25 11:03:37', '1980-01-21 12:25:39', '1975-12-14 22:12:55', '1979-01-29 19:26:41');
INSERT INTO `friendship` (`user_id`, `friend_id`, `request_type_id`, `requested_at`, `confirmed_at`, `created_at`, `updated_at`) VALUES (73, 73, 1, '1990-12-19 00:36:01', '1991-02-17 15:44:32', '2000-03-09 20:55:49', '2012-07-02 22:45:26');
INSERT INTO `friendship` (`user_id`, `friend_id`, `request_type_id`, `requested_at`, `confirmed_at`, `created_at`, `updated_at`) VALUES (74, 74, 2, '1991-10-20 10:58:08', '2004-07-04 03:30:39', '1973-05-28 14:16:25', '1987-01-05 18:30:11');
INSERT INTO `friendship` (`user_id`, `friend_id`, `request_type_id`, `requested_at`, `confirmed_at`, `created_at`, `updated_at`) VALUES (75, 75, 3, '2012-04-12 21:50:08', '1973-11-04 09:54:34', '1976-03-08 04:37:50', '2011-12-17 17:53:51');
INSERT INTO `friendship` (`user_id`, `friend_id`, `request_type_id`, `requested_at`, `confirmed_at`, `created_at`, `updated_at`) VALUES (76, 76, 1, '1972-12-30 03:44:12', '1990-03-14 12:24:40', '1998-10-23 22:34:31', '2020-02-20 21:28:16');
INSERT INTO `friendship` (`user_id`, `friend_id`, `request_type_id`, `requested_at`, `confirmed_at`, `created_at`, `updated_at`) VALUES (77, 77, 2, '2000-06-20 18:42:03', '1979-01-10 19:30:50', '1990-04-13 17:21:23', '1990-06-16 15:21:34');
INSERT INTO `friendship` (`user_id`, `friend_id`, `request_type_id`, `requested_at`, `confirmed_at`, `created_at`, `updated_at`) VALUES (78, 78, 3, '1994-05-20 08:57:30', '1999-07-24 00:05:36', '1992-12-11 16:12:44', '1987-09-20 09:43:54');
INSERT INTO `friendship` (`user_id`, `friend_id`, `request_type_id`, `requested_at`, `confirmed_at`, `created_at`, `updated_at`) VALUES (79, 79, 1, '1988-12-18 19:01:13', '2016-08-30 01:55:35', '1984-03-24 06:00:39', '1983-10-19 19:11:56');
INSERT INTO `friendship` (`user_id`, `friend_id`, `request_type_id`, `requested_at`, `confirmed_at`, `created_at`, `updated_at`) VALUES (80, 80, 2, '2017-09-10 16:21:37', '2008-06-11 01:50:24', '2019-10-24 13:53:58', '1970-03-12 15:14:23');
INSERT INTO `friendship` (`user_id`, `friend_id`, `request_type_id`, `requested_at`, `confirmed_at`, `created_at`, `updated_at`) VALUES (81, 81, 3, '2018-07-12 08:28:14', '1991-02-24 09:46:10', '1974-11-14 08:24:46', '1981-09-20 20:18:07');
INSERT INTO `friendship` (`user_id`, `friend_id`, `request_type_id`, `requested_at`, `confirmed_at`, `created_at`, `updated_at`) VALUES (82, 82, 1, '1981-12-20 04:39:20', '2011-12-11 01:26:37', '1988-08-06 22:28:51', '1973-07-31 03:39:28');
INSERT INTO `friendship` (`user_id`, `friend_id`, `request_type_id`, `requested_at`, `confirmed_at`, `created_at`, `updated_at`) VALUES (83, 83, 2, '2007-07-03 18:39:10', '1971-03-13 16:46:36', '2004-03-05 02:16:20', '2012-02-04 19:03:08');
INSERT INTO `friendship` (`user_id`, `friend_id`, `request_type_id`, `requested_at`, `confirmed_at`, `created_at`, `updated_at`) VALUES (84, 84, 3, '1981-01-27 03:33:24', '2009-04-03 16:49:48', '1993-11-06 05:09:21', '2000-01-13 10:11:05');
INSERT INTO `friendship` (`user_id`, `friend_id`, `request_type_id`, `requested_at`, `confirmed_at`, `created_at`, `updated_at`) VALUES (85, 85, 1, '2013-04-14 03:02:12', '1997-08-29 15:19:27', '1976-03-13 17:54:19', '2017-07-18 20:17:19');
INSERT INTO `friendship` (`user_id`, `friend_id`, `request_type_id`, `requested_at`, `confirmed_at`, `created_at`, `updated_at`) VALUES (86, 86, 2, '2013-03-10 17:19:09', '1970-09-06 12:08:29', '1977-07-12 14:21:52', '1992-10-01 03:31:54');
INSERT INTO `friendship` (`user_id`, `friend_id`, `request_type_id`, `requested_at`, `confirmed_at`, `created_at`, `updated_at`) VALUES (87, 87, 3, '1974-11-21 03:22:19', '1981-02-09 14:24:05', '1978-10-02 17:48:32', '1991-06-28 14:09:00');
INSERT INTO `friendship` (`user_id`, `friend_id`, `request_type_id`, `requested_at`, `confirmed_at`, `created_at`, `updated_at`) VALUES (88, 88, 1, '1999-10-24 19:28:43', '2001-04-24 23:36:37', '2017-11-20 15:03:32', '1989-10-17 12:12:20');
INSERT INTO `friendship` (`user_id`, `friend_id`, `request_type_id`, `requested_at`, `confirmed_at`, `created_at`, `updated_at`) VALUES (89, 89, 2, '1994-05-05 03:46:26', '1994-02-23 19:40:10', '1986-03-24 08:23:49', '1983-02-19 22:00:09');
INSERT INTO `friendship` (`user_id`, `friend_id`, `request_type_id`, `requested_at`, `confirmed_at`, `created_at`, `updated_at`) VALUES (90, 90, 3, '2018-02-21 18:32:57', '1981-05-28 00:22:29', '2009-03-30 22:33:33', '1970-12-20 06:26:25');
INSERT INTO `friendship` (`user_id`, `friend_id`, `request_type_id`, `requested_at`, `confirmed_at`, `created_at`, `updated_at`) VALUES (91, 91, 1, '1987-01-11 04:07:11', '2018-10-03 12:46:12', '1998-08-10 23:00:03', '1986-03-15 04:37:47');
INSERT INTO `friendship` (`user_id`, `friend_id`, `request_type_id`, `requested_at`, `confirmed_at`, `created_at`, `updated_at`) VALUES (92, 92, 2, '2007-08-17 13:01:15', '1985-11-13 05:10:55', '1985-12-26 23:58:59', '1993-04-30 23:41:25');
INSERT INTO `friendship` (`user_id`, `friend_id`, `request_type_id`, `requested_at`, `confirmed_at`, `created_at`, `updated_at`) VALUES (93, 93, 3, '2005-10-02 04:49:59', '2013-03-13 15:53:15', '2021-03-16 07:51:16', '2001-11-09 16:28:49');
INSERT INTO `friendship` (`user_id`, `friend_id`, `request_type_id`, `requested_at`, `confirmed_at`, `created_at`, `updated_at`) VALUES (94, 94, 1, '2011-12-17 08:43:05', '1984-04-07 10:08:48', '1984-11-12 01:50:18', '1995-12-11 03:49:42');
INSERT INTO `friendship` (`user_id`, `friend_id`, `request_type_id`, `requested_at`, `confirmed_at`, `created_at`, `updated_at`) VALUES (95, 95, 2, '2007-10-11 18:19:09', '2018-02-27 19:02:43', '2009-04-29 11:59:25', '2011-04-25 08:19:23');
INSERT INTO `friendship` (`user_id`, `friend_id`, `request_type_id`, `requested_at`, `confirmed_at`, `created_at`, `updated_at`) VALUES (96, 96, 3, '2019-06-10 13:26:56', '1982-11-07 10:16:13', '1980-01-15 16:16:07', '1972-05-26 23:10:28');
INSERT INTO `friendship` (`user_id`, `friend_id`, `request_type_id`, `requested_at`, `confirmed_at`, `created_at`, `updated_at`) VALUES (97, 97, 1, '1973-09-09 08:50:13', '1990-02-11 01:44:12', '2007-07-09 23:51:25', '1986-11-01 22:34:19');
INSERT INTO `friendship` (`user_id`, `friend_id`, `request_type_id`, `requested_at`, `confirmed_at`, `created_at`, `updated_at`) VALUES (98, 98, 2, '1971-03-17 18:04:41', '1989-12-22 06:32:56', '1977-02-02 01:16:49', '1976-07-02 16:53:17');
INSERT INTO `friendship` (`user_id`, `friend_id`, `request_type_id`, `requested_at`, `confirmed_at`, `created_at`, `updated_at`) VALUES (99, 99, 3, '2011-07-12 14:37:20', '2009-11-07 10:57:30', '1976-11-05 13:54:26', '1998-11-14 22:16:18');
INSERT INTO `friendship` (`user_id`, `friend_id`, `request_type_id`, `requested_at`, `confirmed_at`, `created_at`, `updated_at`) VALUES (100, 100, 1, '2019-08-12 03:19:20', '2014-01-10 01:32:33', '2004-02-17 02:54:02', '2018-02-01 10:30:01');

INSERT INTO `media_types` (`id`, `name`, `created_at`, `updated_at`) VALUES (1, 'nam', '1972-12-13 23:44:43', '1997-03-11 21:11:33');
INSERT INTO `media_types` (`id`, `name`, `created_at`, `updated_at`) VALUES (2, 'itaque', '2013-02-26 11:31:21', '1998-05-10 08:43:55');
INSERT INTO `media_types` (`id`, `name`, `created_at`, `updated_at`) VALUES (3, 'eaque', '1999-04-11 10:18:54', '1971-11-26 00:30:13');
INSERT INTO `media_types` (`id`, `name`, `created_at`, `updated_at`) VALUES (4, 'quia', '1988-07-31 02:36:06', '1990-10-11 15:49:10');
INSERT INTO `media_types` (`id`, `name`, `created_at`, `updated_at`) VALUES (5, 'temporibus', '1979-03-17 18:43:57', '1991-07-06 06:43:35');

INSERT INTO `messages` (`id`, `from_user_id`, `to_user_id`, `body`, `is_important`, `is_delivered`, `created_at`, `updated_at`) VALUES (1, 1, 1, 'But there seemed to have changed since her swim in the other: he came trotting along in a hurry to get through the neighbouring pool--she could hear the Rabbit just under the sea,\' the Gryphon.', 1, 0, '1991-01-09 04:37:12', '1981-03-08 14:37:26');
INSERT INTO `messages` (`id`, `from_user_id`, `to_user_id`, `body`, `is_important`, `is_delivered`, `created_at`, `updated_at`) VALUES (2, 2, 2, 'Gryphon as if she did it at all,\' said Alice: \'I don\'t think--\' \'Then you should say \"With what porpoise?\"\' \'Don\'t you mean that you weren\'t to talk to.\' \'How are you getting on now, my dear?\' it.', 1, 1, '1972-03-22 07:49:41', '1971-10-19 10:16:29');
INSERT INTO `messages` (`id`, `from_user_id`, `to_user_id`, `body`, `is_important`, `is_delivered`, `created_at`, `updated_at`) VALUES (3, 3, 3, 'I!\' he replied. \'We quarrelled last March--just before HE went mad, you know--\' She had already heard her sentence three of the wood--(she considered him to you, Though they were mine before. If I.', 0, 0, '1989-06-24 08:25:04', '1976-09-10 01:35:27');
INSERT INTO `messages` (`id`, `from_user_id`, `to_user_id`, `body`, `is_important`, `is_delivered`, `created_at`, `updated_at`) VALUES (4, 4, 4, 'The Dormouse had closed its eyes were getting extremely small for a long breath, and said \'What else had you to set about it; and while she was losing her temper. \'Are you content now?\' said the.', 0, 0, '1995-11-23 22:49:34', '1992-06-28 05:40:04');
INSERT INTO `messages` (`id`, `from_user_id`, `to_user_id`, `body`, `is_important`, `is_delivered`, `created_at`, `updated_at`) VALUES (5, 5, 5, 'Alice, and she tried hard to whistle to it; but she got to the other: he came trotting along in a rather offended tone, \'Hm! No accounting for tastes! Sing her \"Turtle Soup,\" will you, won\'t you.', 1, 1, '1980-11-04 06:16:57', '1974-09-17 09:20:24');
INSERT INTO `messages` (`id`, `from_user_id`, `to_user_id`, `body`, `is_important`, `is_delivered`, `created_at`, `updated_at`) VALUES (6, 6, 6, 'I\'m sure _I_ shan\'t be beheaded!\' said Alice, who felt ready to agree to everything that Alice quite hungry to look down and make THEIR eyes bright and eager with many a strange tale, perhaps even.', 0, 1, '2008-04-28 10:24:49', '1997-05-17 21:55:44');
INSERT INTO `messages` (`id`, `from_user_id`, `to_user_id`, `body`, `is_important`, `is_delivered`, `created_at`, `updated_at`) VALUES (7, 7, 7, 'My notion was that it signifies much,\' she said to herself \'This is Bill,\' she gave one sharp kick, and waited to see it pop down a jar from one minute to another! However, I\'ve got to come once a.', 1, 0, '2015-03-18 02:49:39', '2021-06-08 15:05:44');
INSERT INTO `messages` (`id`, `from_user_id`, `to_user_id`, `body`, `is_important`, `is_delivered`, `created_at`, `updated_at`) VALUES (8, 8, 8, 'I THINK I can reach the key; and if the Mock Turtle, and to wonder what was coming. It was the Duchess\'s cook. She carried the pepper-box in her haste, she had peeped into the wood. \'If it had.', 1, 0, '1986-06-21 23:13:53', '2004-12-27 08:22:02');
INSERT INTO `messages` (`id`, `from_user_id`, `to_user_id`, `body`, `is_important`, `is_delivered`, `created_at`, `updated_at`) VALUES (9, 9, 9, 'Bill!\' then the Rabbit\'s voice; and the poor animal\'s feelings. \'I quite forgot you didn\'t sign it,\' said Alice angrily. \'It wasn\'t very civil of you to learn?\' \'Well, there was nothing on it in a.', 1, 1, '1997-05-14 19:14:50', '2006-05-02 20:18:43');
INSERT INTO `messages` (`id`, `from_user_id`, `to_user_id`, `body`, `is_important`, `is_delivered`, `created_at`, `updated_at`) VALUES (10, 10, 10, 'At this moment Alice felt so desperate that she was small enough to look through into the loveliest garden you ever eat a little worried. \'Just about as much as serpents do, you know.\' \'I DON\'T.', 1, 1, '2010-08-20 14:36:55', '1997-06-04 13:05:38');
INSERT INTO `messages` (`id`, `from_user_id`, `to_user_id`, `body`, `is_important`, `is_delivered`, `created_at`, `updated_at`) VALUES (11, 11, 11, 'Pigeon; \'but if you\'ve seen them at dinn--\' she checked herself hastily, and said \'That\'s very curious!\' she thought. \'But everything\'s curious today. I think you\'d take a fancy to herself how this.', 1, 0, '1991-04-24 23:47:22', '1977-04-27 19:51:47');
INSERT INTO `messages` (`id`, `from_user_id`, `to_user_id`, `body`, `is_important`, `is_delivered`, `created_at`, `updated_at`) VALUES (12, 12, 12, 'Alice. \'Stand up and walking away. \'You insult me by talking such nonsense!\' \'I didn\'t mean it!\' pleaded poor Alice. \'But you\'re so easily offended, you know!\' The Mouse only growled in reply..', 0, 0, '1997-03-27 08:28:42', '1982-02-13 00:08:38');
INSERT INTO `messages` (`id`, `from_user_id`, `to_user_id`, `body`, `is_important`, `is_delivered`, `created_at`, `updated_at`) VALUES (13, 13, 13, 'Cheshire Cat, she was quite out of this elegant thimble\'; and, when it saw mine coming!\' \'How do you know why it\'s called a whiting?\' \'I never saw one, or heard of one,\' said Alice. \'Why not?\' said.', 0, 1, '2018-12-27 10:53:43', '2002-12-21 04:15:37');
INSERT INTO `messages` (`id`, `from_user_id`, `to_user_id`, `body`, `is_important`, `is_delivered`, `created_at`, `updated_at`) VALUES (14, 14, 14, 'Alice\'s shoulder as he fumbled over the jury-box with the dream of Wonderland of long ago: and how she would keep, through all her knowledge of history, Alice had begun to think about stopping.', 0, 1, '1993-11-30 11:11:47', '2012-05-04 07:38:42');
INSERT INTO `messages` (`id`, `from_user_id`, `to_user_id`, `body`, `is_important`, `is_delivered`, `created_at`, `updated_at`) VALUES (15, 15, 15, 'Duchess. An invitation for the moment he was going to happen next. First, she dreamed of little Alice and all sorts of things--I can\'t remember things as I do,\' said the King. (The jury all wrote.', 1, 0, '1986-09-20 23:42:01', '2013-07-01 13:46:04');
INSERT INTO `messages` (`id`, `from_user_id`, `to_user_id`, `body`, `is_important`, `is_delivered`, `created_at`, `updated_at`) VALUES (16, 16, 16, 'Nobody moved. \'Who cares for fish, Game, or any other dish? Who would not stoop? Soup of the March Hare will be much the same height as herself; and when Alice had learnt several things of this.', 0, 1, '1984-05-27 17:00:15', '2017-01-21 06:33:17');
INSERT INTO `messages` (`id`, `from_user_id`, `to_user_id`, `body`, `is_important`, `is_delivered`, `created_at`, `updated_at`) VALUES (17, 17, 17, 'Gryphon, and, taking Alice by the pope, was soon submitted to by the time at the March Hare went on. Her listeners were perfectly quiet till she fancied she heard the King sharply. \'Do you know.', 1, 1, '2020-03-16 10:35:04', '1987-08-09 00:56:10');
INSERT INTO `messages` (`id`, `from_user_id`, `to_user_id`, `body`, `is_important`, `is_delivered`, `created_at`, `updated_at`) VALUES (18, 18, 18, 'As she said to Alice, very much confused, \'I don\'t quite understand you,\' she said, \'and see whether it\'s marked \"poison\" or not\'; for she was saying, and the arm that was trickling down his cheeks,.', 0, 1, '1989-09-20 19:45:57', '1977-05-26 11:59:10');
INSERT INTO `messages` (`id`, `from_user_id`, `to_user_id`, `body`, `is_important`, `is_delivered`, `created_at`, `updated_at`) VALUES (19, 19, 19, 'As there seemed to be Involved in this way! Stop this moment, and fetch me a good opportunity for making her escape; so she helped herself to about two feet high, and her eyes to see it trot away.', 1, 1, '1987-09-15 03:13:58', '1982-05-24 17:42:56');
INSERT INTO `messages` (`id`, `from_user_id`, `to_user_id`, `body`, `is_important`, `is_delivered`, `created_at`, `updated_at`) VALUES (20, 20, 20, 'Alice ventured to taste it, and talking over its head. \'Very uncomfortable for the White Rabbit, trotting slowly back again, and we put a white one in by mistake; and if it had no idea what you\'re.', 1, 1, '2019-10-24 04:54:44', '1988-01-10 08:53:28');
INSERT INTO `messages` (`id`, `from_user_id`, `to_user_id`, `body`, `is_important`, `is_delivered`, `created_at`, `updated_at`) VALUES (21, 21, 21, 'The Queen\'s Croquet-Ground A large rose-tree stood near the looking-glass. There was certainly English. \'I don\'t believe you do either!\' And the executioner went off like an honest man.\' There was a.', 1, 1, '2017-04-25 13:53:43', '2008-05-08 18:21:17');
INSERT INTO `messages` (`id`, `from_user_id`, `to_user_id`, `body`, `is_important`, `is_delivered`, `created_at`, `updated_at`) VALUES (22, 22, 22, 'Cat said, waving its right ear and left foot, so as to the whiting,\' said the King, \'unless it was a little different. But if I\'m Mabel, I\'ll stay down here! It\'ll be no chance of her little.', 1, 1, '1996-05-29 04:56:35', '1990-08-07 06:37:59');
INSERT INTO `messages` (`id`, `from_user_id`, `to_user_id`, `body`, `is_important`, `is_delivered`, `created_at`, `updated_at`) VALUES (23, 23, 23, 'Alice herself, and shouted out, \'You\'d better not talk!\' said Five. \'I heard the Queen\'s hedgehog just now, only it ran away when it saw mine coming!\' \'How do you know that you\'re mad?\' \'To begin.', 1, 1, '1975-09-27 00:21:17', '2001-05-15 04:25:59');
INSERT INTO `messages` (`id`, `from_user_id`, `to_user_id`, `body`, `is_important`, `is_delivered`, `created_at`, `updated_at`) VALUES (24, 24, 24, 'Hatter; \'so I should think you could keep it to his son, \'I feared it might happen any minute, \'and then,\' thought she, \'if people had all to lie down upon her: she gave a sudden leap out of the.', 0, 0, '2006-11-19 18:21:30', '1991-12-28 14:06:43');
INSERT INTO `messages` (`id`, `from_user_id`, `to_user_id`, `body`, `is_important`, `is_delivered`, `created_at`, `updated_at`) VALUES (25, 25, 25, 'Alice in a low, hurried tone. He looked at it uneasily, shaking it every now and then, and holding it to be sure, this generally happens when one eats cake, but Alice had begun to dream that she.', 0, 1, '1999-08-10 23:28:19', '2016-06-19 17:50:46');
INSERT INTO `messages` (`id`, `from_user_id`, `to_user_id`, `body`, `is_important`, `is_delivered`, `created_at`, `updated_at`) VALUES (26, 26, 26, 'Alice said; \'there\'s a large pool all round the court with a table in the sea. The master was an immense length of neck, which seemed to be Number One,\' said Alice. \'Why?\' \'IT DOES THE BOOTS AND.', 0, 1, '1973-11-02 15:00:38', '2020-12-30 14:04:53');
INSERT INTO `messages` (`id`, `from_user_id`, `to_user_id`, `body`, `is_important`, `is_delivered`, `created_at`, `updated_at`) VALUES (27, 27, 27, 'Alice timidly. \'Would you like the wind, and the baby violently up and bawled out, \"He\'s murdering the time! Off with his head!\' or \'Off with her head!\' about once in her hands, and was beating her.', 1, 0, '1971-09-05 06:56:25', '1990-03-15 06:59:49');
INSERT INTO `messages` (`id`, `from_user_id`, `to_user_id`, `body`, `is_important`, `is_delivered`, `created_at`, `updated_at`) VALUES (28, 28, 28, 'Gryphon. \'Well, I can\'t be Mabel, for I know is, it would be very likely to eat the comfits: this caused some noise and confusion, as the large birds complained that they were filled with cupboards.', 0, 0, '1984-08-25 02:02:54', '2016-12-28 01:54:11');
INSERT INTO `messages` (`id`, `from_user_id`, `to_user_id`, `body`, `is_important`, `is_delivered`, `created_at`, `updated_at`) VALUES (29, 29, 29, 'Then it got down off the top of the jurymen. \'No, they\'re not,\' said the King, \'that saves a world of trouble, you know, upon the other side, the puppy made another rush at the house, and found.', 0, 1, '1984-09-17 13:15:12', '2015-01-06 05:53:13');
INSERT INTO `messages` (`id`, `from_user_id`, `to_user_id`, `body`, `is_important`, `is_delivered`, `created_at`, `updated_at`) VALUES (30, 30, 30, 'Alice\'s shoulder as she could, \'If you can\'t be civil, you\'d better finish the story for yourself.\' \'No, please go on!\' Alice said to herself, \'whenever I eat one of the house opened, and a fall,.', 0, 0, '2000-04-01 17:20:39', '1989-12-17 09:09:41');
INSERT INTO `messages` (`id`, `from_user_id`, `to_user_id`, `body`, `is_important`, `is_delivered`, `created_at`, `updated_at`) VALUES (31, 31, 31, 'Alice. \'Nothing WHATEVER?\' persisted the King. \'I can\'t go no lower,\' said the others. \'Are their heads down! I am to see what this bottle was a good deal frightened at the time it vanished quite.', 0, 0, '2018-04-27 19:27:45', '1974-06-30 18:16:13');
INSERT INTO `messages` (`id`, `from_user_id`, `to_user_id`, `body`, `is_important`, `is_delivered`, `created_at`, `updated_at`) VALUES (32, 32, 32, 'Rabbit was no longer to be a queer thing, to be otherwise than what it might injure the brain; But, now that I\'m doubtful about the whiting!\' \'Oh, as to the Caterpillar, just as the Rabbit, and had.', 0, 1, '2017-03-02 04:19:39', '1987-08-09 09:17:53');
INSERT INTO `messages` (`id`, `from_user_id`, `to_user_id`, `body`, `is_important`, `is_delivered`, `created_at`, `updated_at`) VALUES (33, 33, 33, 'I\'ve had such a tiny little thing!\' said the Dormouse: \'not in that poky little house, on the floor: in another minute the whole party swam to the three gardeners, but she had asked it aloud; and in.', 0, 1, '1992-04-29 04:23:15', '1996-05-09 02:35:34');
INSERT INTO `messages` (`id`, `from_user_id`, `to_user_id`, `body`, `is_important`, `is_delivered`, `created_at`, `updated_at`) VALUES (34, 34, 34, 'Alice had learnt several things of this was not easy to know your history, she do.\' \'I\'ll tell it her,\' said the Duchess, as she could not answer without a great crowd assembled about them--all.', 0, 0, '2010-01-22 22:34:55', '2000-10-23 09:39:34');
INSERT INTO `messages` (`id`, `from_user_id`, `to_user_id`, `body`, `is_important`, `is_delivered`, `created_at`, `updated_at`) VALUES (35, 35, 35, 'Her chin was pressed hard against it, that attempt proved a failure. Alice heard the Rabbit just under the hedge. In another minute there was a large caterpillar, that was sitting on a summer day:.', 0, 0, '2003-03-27 03:17:39', '1981-07-16 01:28:54');
INSERT INTO `messages` (`id`, `from_user_id`, `to_user_id`, `body`, `is_important`, `is_delivered`, `created_at`, `updated_at`) VALUES (36, 36, 36, 'HER about it.\' \'She\'s in prison,\' the Queen shrieked out. \'Behead that Dormouse! Turn that Dormouse out of sight, they were nice grand words to say.) Presently she began nibbling at the cook, to see.', 1, 1, '2006-02-06 06:29:58', '1984-03-10 17:51:44');
INSERT INTO `messages` (`id`, `from_user_id`, `to_user_id`, `body`, `is_important`, `is_delivered`, `created_at`, `updated_at`) VALUES (37, 37, 37, 'William the Conqueror.\' (For, with all speed back to yesterday, because I was thinking I should be like then?\' And she thought it must be off, and had to be listening, so she went round the neck of.', 0, 0, '2008-01-04 13:48:38', '1985-07-27 06:41:56');
INSERT INTO `messages` (`id`, `from_user_id`, `to_user_id`, `body`, `is_important`, `is_delivered`, `created_at`, `updated_at`) VALUES (38, 38, 38, 'Canterbury, found it made no mark; but he would deny it too: but the cook had disappeared. \'Never mind!\' said the Hatter. This piece of bread-and-butter in the lock, and to hear the very tones of.', 0, 1, '1993-12-21 05:50:12', '1976-06-29 09:02:40');
INSERT INTO `messages` (`id`, `from_user_id`, `to_user_id`, `body`, `is_important`, `is_delivered`, `created_at`, `updated_at`) VALUES (39, 39, 39, 'I\'m sure I can\'t show it you myself,\' the Mock Turtle, capering wildly about. \'Change lobsters again!\' yelled the Gryphon replied very gravely. \'What else had you to set about it; and the White.', 0, 0, '2008-07-06 03:22:08', '1997-03-12 14:47:34');
INSERT INTO `messages` (`id`, `from_user_id`, `to_user_id`, `body`, `is_important`, `is_delivered`, `created_at`, `updated_at`) VALUES (40, 40, 40, 'Mock Turtle sang this, very slowly and sadly:-- \'\"Will you walk a little nervous about this; \'for it might injure the brain; But, now that I\'m perfectly sure I don\'t remember where.\' \'Well, it must.', 1, 0, '2005-09-26 10:53:05', '1995-05-19 20:45:22');
INSERT INTO `messages` (`id`, `from_user_id`, `to_user_id`, `body`, `is_important`, `is_delivered`, `created_at`, `updated_at`) VALUES (41, 41, 41, 'Very soon the Rabbit coming to look through into the court, by the officers of the Mock Turtle Soup is made from,\' said the Hatter, \'you wouldn\'t talk about her other little children, and make THEIR.', 0, 0, '2004-03-02 00:30:45', '1971-05-23 06:30:59');
INSERT INTO `messages` (`id`, `from_user_id`, `to_user_id`, `body`, `is_important`, `is_delivered`, `created_at`, `updated_at`) VALUES (42, 42, 42, 'Some of the legs of the court,\" and I never was so full of soup. \'There\'s certainly too much frightened that she had grown so large in the distance, and she crossed her hands up to the conclusion.', 1, 1, '1993-06-19 12:07:08', '1978-06-22 07:05:41');
INSERT INTO `messages` (`id`, `from_user_id`, `to_user_id`, `body`, `is_important`, `is_delivered`, `created_at`, `updated_at`) VALUES (43, 43, 43, 'There seemed to her ear. \'You\'re thinking about something, my dear, I think?\' \'I had NOT!\' cried the Mouse, sharply and very nearly carried it out to sea as you can--\' \'Swim after them!\' screamed.', 1, 0, '2016-02-18 07:32:35', '1985-12-15 02:49:49');
INSERT INTO `messages` (`id`, `from_user_id`, `to_user_id`, `body`, `is_important`, `is_delivered`, `created_at`, `updated_at`) VALUES (44, 44, 44, 'Gryphon as if his heart would break. She pitied him deeply. \'What is it?\' he said. \'Fifteenth,\' said the March Hare interrupted, yawning. \'I\'m getting tired of being such a thing I ever saw in.', 1, 1, '2012-05-01 13:10:47', '2013-06-19 15:53:24');
INSERT INTO `messages` (`id`, `from_user_id`, `to_user_id`, `body`, `is_important`, `is_delivered`, `created_at`, `updated_at`) VALUES (45, 45, 45, 'King, \'or I\'ll have you executed on the top of her head to hide a smile: some of YOUR business, Two!\' said Seven. \'Yes, it IS his business!\' said Five, \'and I\'ll tell him--it was for bringing the.', 1, 0, '1997-11-16 20:19:37', '2007-04-27 14:12:07');
INSERT INTO `messages` (`id`, `from_user_id`, `to_user_id`, `body`, `is_important`, `is_delivered`, `created_at`, `updated_at`) VALUES (46, 46, 46, 'Alice. \'Nothing WHATEVER?\' persisted the King. Here one of the cupboards as she went on without attending to her, so she went down to look for her, and said, without opening its eyes, \'Of course, of.', 1, 0, '2004-01-08 02:56:12', '2001-01-26 02:16:05');
INSERT INTO `messages` (`id`, `from_user_id`, `to_user_id`, `body`, `is_important`, `is_delivered`, `created_at`, `updated_at`) VALUES (47, 47, 47, 'I begin, please your Majesty,\' he began. \'You\'re a very decided tone: \'tell her something worth hearing. For some minutes the whole court was a little shriek and a crash of broken glass. \'What a.', 0, 1, '1981-08-10 03:09:40', '2003-06-23 13:04:09');
INSERT INTO `messages` (`id`, `from_user_id`, `to_user_id`, `body`, `is_important`, `is_delivered`, `created_at`, `updated_at`) VALUES (48, 48, 48, 'I was going to give the prizes?\' quite a long way back, and see that queer little toss of her childhood: and how she was terribly frightened all the rats and--oh dear!\' cried Alice, quite forgetting.', 0, 0, '2015-01-16 10:03:39', '1991-07-21 00:49:19');
INSERT INTO `messages` (`id`, `from_user_id`, `to_user_id`, `body`, `is_important`, `is_delivered`, `created_at`, `updated_at`) VALUES (49, 49, 49, 'Dodo suddenly called out \'The Queen! The Queen!\' and the baby--the fire-irons came first; then followed a shower of saucepans, plates, and dishes. The Duchess took her choice, and was going on, as.', 1, 1, '1990-01-04 09:16:28', '1985-08-16 00:06:04');
INSERT INTO `messages` (`id`, `from_user_id`, `to_user_id`, `body`, `is_important`, `is_delivered`, `created_at`, `updated_at`) VALUES (50, 50, 50, 'The great question is, Who in the last few minutes, and began talking again. \'Dinah\'ll miss me very much to-night, I should like to hear it say, as it was only sobbing,\' she thought, \'it\'s sure to.', 0, 1, '1995-10-12 03:32:17', '1970-03-06 15:09:52');
INSERT INTO `messages` (`id`, `from_user_id`, `to_user_id`, `body`, `is_important`, `is_delivered`, `created_at`, `updated_at`) VALUES (51, 51, 51, 'YOUR adventures.\' \'I could tell you his history,\' As they walked off together, Alice heard it say to this: so she went on talking: \'Dear, dear! How queer everything is to-day! And yesterday things.', 1, 0, '1995-10-07 14:02:48', '2016-11-22 08:54:41');
INSERT INTO `messages` (`id`, `from_user_id`, `to_user_id`, `body`, `is_important`, `is_delivered`, `created_at`, `updated_at`) VALUES (52, 52, 52, 'Alice; \'you needn\'t be so kind,\' Alice replied, rather shyly, \'I--I hardly know, sir, just at present--at least I mean what I say--that\'s the same thing as \"I get what I see\"!\' \'You might just as if.', 0, 0, '1988-01-14 15:01:54', '1983-02-06 00:02:38');
INSERT INTO `messages` (`id`, `from_user_id`, `to_user_id`, `body`, `is_important`, `is_delivered`, `created_at`, `updated_at`) VALUES (53, 53, 53, 'March Hare said to herself, and fanned herself with one finger for the moment she appeared; but she had a consultation about this, and after a few minutes, and began bowing to the Gryphon. \'It\'s all.', 0, 1, '2000-08-15 09:48:56', '1974-09-08 18:25:09');
INSERT INTO `messages` (`id`, `from_user_id`, `to_user_id`, `body`, `is_important`, `is_delivered`, `created_at`, `updated_at`) VALUES (54, 54, 54, 'Mouse, turning to Alice, \'Have you guessed the riddle yet?\' the Hatter instead!\' CHAPTER VII. A Mad Tea-Party There was a little bottle that stood near. The three soldiers wandered about for them,.', 1, 0, '1982-10-28 14:32:40', '1996-07-18 10:10:36');
INSERT INTO `messages` (`id`, `from_user_id`, `to_user_id`, `body`, `is_important`, `is_delivered`, `created_at`, `updated_at`) VALUES (55, 55, 55, 'Gryphon went on. \'I do,\' Alice hastily replied; \'at least--at least I know I have to fly; and the other side. The further off from England the nearer is to France-- Then turn not pale, beloved.', 1, 0, '1991-03-26 07:25:56', '1994-01-07 04:17:02');
INSERT INTO `messages` (`id`, `from_user_id`, `to_user_id`, `body`, `is_important`, `is_delivered`, `created_at`, `updated_at`) VALUES (56, 56, 56, 'Alice was more and more puzzled, but she added, to herself, rather sharply; \'I advise you to set them free, Exactly as we were. My notion was that you have of putting things!\' \'It\'s a mineral, I.', 1, 1, '1999-02-02 05:09:25', '1995-09-25 06:14:49');
INSERT INTO `messages` (`id`, `from_user_id`, `to_user_id`, `body`, `is_important`, `is_delivered`, `created_at`, `updated_at`) VALUES (57, 57, 57, 'Majesty,\' he began. \'You\'re a very grave voice, \'until all the creatures order one about, and shouting \'Off with her head!\' Those whom she sentenced were taken into custody by the way down one side.', 0, 1, '2021-04-13 07:08:53', '2013-03-28 10:59:24');
INSERT INTO `messages` (`id`, `from_user_id`, `to_user_id`, `body`, `is_important`, `is_delivered`, `created_at`, `updated_at`) VALUES (58, 58, 58, 'YOUR shoes done with?\' said the King, with an M--\' \'Why with an air of great surprise. \'Of course they were\', said the Gryphon, and all would change to tinkling sheep-bells, and the Queen, \'Really,.', 0, 1, '1977-12-13 07:05:29', '2016-02-01 17:12:37');
INSERT INTO `messages` (`id`, `from_user_id`, `to_user_id`, `body`, `is_important`, `is_delivered`, `created_at`, `updated_at`) VALUES (59, 59, 59, 'Bill\'s got the other--Bill! fetch it here, lad!--Here, put \'em up at the bottom of the cakes, and was gone across to the Knave. The Knave shook his head mournfully. \'Not I!\' said the Hatter, and he.', 1, 0, '1978-11-21 04:21:17', '1974-09-20 11:53:47');
INSERT INTO `messages` (`id`, `from_user_id`, `to_user_id`, `body`, `is_important`, `is_delivered`, `created_at`, `updated_at`) VALUES (60, 60, 60, 'And beat him when he sneezes; For he can thoroughly enjoy The pepper when he sneezes; For he can EVEN finish, if he were trying to touch her. \'Poor little thing!\' It did so indeed, and much sooner.', 0, 0, '1998-10-31 06:33:57', '1989-08-17 11:57:39');
INSERT INTO `messages` (`id`, `from_user_id`, `to_user_id`, `body`, `is_important`, `is_delivered`, `created_at`, `updated_at`) VALUES (61, 61, 61, 'White Rabbit, who said in a voice outside, and stopped to listen. \'Mary Ann! Mary Ann!\' said the Duchess; \'and the moral of that is--\"Birds of a muchness?\' \'Really, now you ask me,\' said Alice, (she.', 1, 0, '1975-07-31 16:31:40', '1970-10-27 19:51:07');
INSERT INTO `messages` (`id`, `from_user_id`, `to_user_id`, `body`, `is_important`, `is_delivered`, `created_at`, `updated_at`) VALUES (62, 62, 62, 'I chose,\' the Duchess sang the second thing is to do it.\' (And, as you might do something better with the glass table as before, \'It\'s all about as she added, \'and the moral of that is--\"Birds of a.', 1, 1, '1972-02-29 03:50:36', '1974-11-11 15:43:56');
INSERT INTO `messages` (`id`, `from_user_id`, `to_user_id`, `body`, `is_important`, `is_delivered`, `created_at`, `updated_at`) VALUES (63, 63, 63, 'There was no label this time with great curiosity, and this was the Hatter. \'You might just as I tell you, you coward!\' and at last the Caterpillar took the thimble, looking as solemn as she could..', 1, 1, '1997-05-16 07:14:40', '1997-04-02 16:00:59');
INSERT INTO `messages` (`id`, `from_user_id`, `to_user_id`, `body`, `is_important`, `is_delivered`, `created_at`, `updated_at`) VALUES (64, 64, 64, 'I don\'t care which happens!\' She ate a little shriek, and went stamping about, and called out, \'First witness!\' The first question of course you know that cats COULD grin.\' \'They all can,\' said the.', 0, 1, '2011-10-12 16:08:08', '2002-07-11 05:15:53');
INSERT INTO `messages` (`id`, `from_user_id`, `to_user_id`, `body`, `is_important`, `is_delivered`, `created_at`, `updated_at`) VALUES (65, 65, 65, 'I can\'t tell you his history,\' As they walked off together, Alice heard the King said to herself, \'because of his Normans--\" How are you getting on now, my dear?\' it continued, turning to Alice,.', 0, 1, '2017-08-14 03:29:09', '1971-05-14 12:38:50');
INSERT INTO `messages` (`id`, `from_user_id`, `to_user_id`, `body`, `is_important`, `is_delivered`, `created_at`, `updated_at`) VALUES (66, 66, 66, 'I\'m never sure what I\'m going to begin with.\' \'A barrowful will do, to begin lessons: you\'d only have to turn into a cucumber-frame, or something of the month is it?\' \'Why,\' said the Caterpillar..', 0, 0, '2010-02-22 02:45:38', '1999-09-30 15:58:17');
INSERT INTO `messages` (`id`, `from_user_id`, `to_user_id`, `body`, `is_important`, `is_delivered`, `created_at`, `updated_at`) VALUES (67, 67, 67, 'Alice whispered, \'that it\'s done by everybody minding their own business,\' the Duchess asked, with another dig of her or of anything else. CHAPTER V. Advice from a Caterpillar The Caterpillar and.', 1, 1, '1986-11-21 08:40:52', '1975-07-14 14:54:21');
INSERT INTO `messages` (`id`, `from_user_id`, `to_user_id`, `body`, `is_important`, `is_delivered`, `created_at`, `updated_at`) VALUES (68, 68, 68, 'Alice began, in a confused way, \'Prizes! Prizes!\' Alice had no reason to be rude, so she bore it as far as they would die. \'The trial cannot proceed,\' said the Lory. Alice replied in an agony of.', 1, 1, '1984-02-12 07:13:41', '2009-09-11 23:20:03');
INSERT INTO `messages` (`id`, `from_user_id`, `to_user_id`, `body`, `is_important`, `is_delivered`, `created_at`, `updated_at`) VALUES (69, 69, 69, 'The Hatter opened his eyes. \'I wasn\'t asleep,\' he said to herself \'This is Bill,\' she gave a little of it?\' said the White Rabbit cried out, \'Silence in the air. She did it so VERY remarkable in.', 1, 1, '1975-05-23 21:02:34', '1973-09-06 20:33:15');
INSERT INTO `messages` (`id`, `from_user_id`, `to_user_id`, `body`, `is_important`, `is_delivered`, `created_at`, `updated_at`) VALUES (70, 70, 70, 'And will talk in contemptuous tones of her going, though she felt that she let the Dormouse began in a pleased tone. \'Pray don\'t trouble yourself to say \'Drink me,\' but the Dodo solemnly presented.', 0, 1, '1991-09-27 02:15:48', '1984-04-10 16:12:44');
INSERT INTO `messages` (`id`, `from_user_id`, `to_user_id`, `body`, `is_important`, `is_delivered`, `created_at`, `updated_at`) VALUES (71, 71, 71, 'Gryphon. Alice did not venture to go down--Here, Bill! the master says you\'re to go nearer till she was ready to talk about cats or dogs either, if you cut your finger VERY deeply with a T!\' said.', 1, 1, '2003-10-11 16:25:48', '1995-01-19 18:26:43');
INSERT INTO `messages` (`id`, `from_user_id`, `to_user_id`, `body`, `is_important`, `is_delivered`, `created_at`, `updated_at`) VALUES (72, 72, 72, 'Queen to-day?\' \'I should like to hear her try and repeat something now. Tell her to wink with one eye, How the Owl had the door as you liked.\' \'Is that the reason of that?\' \'In my youth,\' said his.', 1, 0, '2008-12-29 13:50:00', '1973-10-11 04:50:23');
INSERT INTO `messages` (`id`, `from_user_id`, `to_user_id`, `body`, `is_important`, `is_delivered`, `created_at`, `updated_at`) VALUES (73, 73, 73, 'Alice, \'it\'s very easy to know your history, you know,\' the Mock Turtle, capering wildly about. \'Change lobsters again!\' yelled the Gryphon only answered \'Come on!\' cried the Mouse, in a very short.', 1, 0, '1983-01-26 22:17:22', '1999-05-06 23:06:59');
INSERT INTO `messages` (`id`, `from_user_id`, `to_user_id`, `body`, `is_important`, `is_delivered`, `created_at`, `updated_at`) VALUES (74, 74, 74, 'Alice indignantly. \'Let me alone!\' \'Serpent, I say again!\' repeated the Pigeon, raising its voice to its children, \'Come away, my dears! It\'s high time to see the Queen. \'I never was so much.', 1, 0, '1970-07-31 16:01:23', '1985-03-23 07:40:50');
INSERT INTO `messages` (`id`, `from_user_id`, `to_user_id`, `body`, `is_important`, `is_delivered`, `created_at`, `updated_at`) VALUES (75, 75, 75, 'THAT direction,\' waving the other players, and shouting \'Off with their heads down! I am to see if she were looking up into hers--she could hear the name again!\' \'I won\'t indeed!\' said Alice, who.', 0, 0, '1977-10-16 20:07:06', '2017-10-20 06:41:26');
INSERT INTO `messages` (`id`, `from_user_id`, `to_user_id`, `body`, `is_important`, `is_delivered`, `created_at`, `updated_at`) VALUES (76, 76, 76, 'I eat\" is the reason so many different sizes in a trembling voice:-- \'I passed by his garden, and marked, with one finger; and the great wonder is, that there\'s any one left alive!\' She was looking.', 0, 0, '1988-01-07 23:56:33', '2003-12-27 09:29:42');
INSERT INTO `messages` (`id`, `from_user_id`, `to_user_id`, `body`, `is_important`, `is_delivered`, `created_at`, `updated_at`) VALUES (77, 77, 77, 'Hatter, \'I cut some more bread-and-butter--\' \'But what am I to get out at all like the look of the e--e--evening, Beautiful, beautiful Soup! \'Beautiful Soup! Who cares for you?\' said the King. \'It.', 1, 0, '2002-12-10 10:25:57', '1974-10-17 15:51:00');
INSERT INTO `messages` (`id`, `from_user_id`, `to_user_id`, `body`, `is_important`, `is_delivered`, `created_at`, `updated_at`) VALUES (78, 78, 78, 'ALL RETURNED FROM HIM TO YOU,\"\' said Alice. \'Oh, don\'t bother ME,\' said the Duchess: you\'d better leave off,\' said the March Hare. \'He denies it,\' said Alice. \'What IS the same age as herself, to.', 0, 0, '1996-08-12 16:41:02', '1995-12-10 15:13:11');
INSERT INTO `messages` (`id`, `from_user_id`, `to_user_id`, `body`, `is_important`, `is_delivered`, `created_at`, `updated_at`) VALUES (79, 79, 79, 'It quite makes my forehead ache!\' Alice watched the White Rabbit read out, at the righthand bit again, and put it to half-past one as long as there was nothing else to do, and in despair she put it..', 0, 0, '1973-10-24 13:51:45', '2011-02-23 05:54:24');
INSERT INTO `messages` (`id`, `from_user_id`, `to_user_id`, `body`, `is_important`, `is_delivered`, `created_at`, `updated_at`) VALUES (80, 80, 80, 'However, she did not quite like the three gardeners instantly jumped up, and there stood the Queen jumped up on tiptoe, and peeped over the verses to himself: \'\"WE KNOW IT TO BE TRUE--\" that\'s the.', 0, 0, '1970-01-12 19:44:57', '1989-07-22 18:04:10');
INSERT INTO `messages` (`id`, `from_user_id`, `to_user_id`, `body`, `is_important`, `is_delivered`, `created_at`, `updated_at`) VALUES (81, 81, 81, 'I do,\' said Alice to herself, \'Which way? Which way?\', holding her hand again, and Alice was thoroughly puzzled. \'Does the boots and shoes!\' she repeated in a loud, indignant voice, but she did so,.', 0, 1, '1974-03-05 21:19:39', '1978-10-29 22:52:49');
INSERT INTO `messages` (`id`, `from_user_id`, `to_user_id`, `body`, `is_important`, `is_delivered`, `created_at`, `updated_at`) VALUES (82, 82, 82, 'Alice more boldly: \'you know you\'re growing too.\' \'Yes, but I grow up, I\'ll write one--but I\'m grown up now,\' she said, by way of nursing it, (which was to twist it up into the way I want to go.', 1, 1, '2019-11-20 21:50:35', '1981-07-29 16:36:57');
INSERT INTO `messages` (`id`, `from_user_id`, `to_user_id`, `body`, `is_important`, `is_delivered`, `created_at`, `updated_at`) VALUES (83, 83, 83, 'Then they both sat silent and looked along the course, here and there. There was nothing on it were white, but there was a good deal frightened by this very sudden change, but she remembered how.', 0, 0, '1973-04-15 09:23:36', '1992-03-16 07:10:40');
INSERT INTO `messages` (`id`, `from_user_id`, `to_user_id`, `body`, `is_important`, `is_delivered`, `created_at`, `updated_at`) VALUES (84, 84, 84, 'Mock Turtle said: \'advance twice, set to work at once in her hand, and Alice looked up, and there stood the Queen was close behind her, listening: so she helped herself to some tea and.', 0, 1, '1970-06-18 07:13:25', '1985-01-07 10:48:34');
INSERT INTO `messages` (`id`, `from_user_id`, `to_user_id`, `body`, `is_important`, `is_delivered`, `created_at`, `updated_at`) VALUES (85, 85, 85, 'William the Conqueror.\' (For, with all their simple sorrows, and find a pleasure in all directions, \'just like a mouse, you know. Come on!\' \'Everybody says \"come on!\" here,\' thought Alice, as she.', 0, 1, '2010-04-27 13:09:19', '1975-08-22 04:32:10');
INSERT INTO `messages` (`id`, `from_user_id`, `to_user_id`, `body`, `is_important`, `is_delivered`, `created_at`, `updated_at`) VALUES (86, 86, 86, 'Duchess; \'and the moral of that is--\"The more there is of mine, the less there is of finding morals in things!\' Alice thought she might as well say that \"I see what this bottle does. I do so like.', 1, 0, '2002-12-05 15:37:45', '1984-06-23 02:07:33');
INSERT INTO `messages` (`id`, `from_user_id`, `to_user_id`, `body`, `is_important`, `is_delivered`, `created_at`, `updated_at`) VALUES (87, 87, 87, 'PROVES his guilt,\' said the Dormouse, and repeated her question. \'Why did they live on?\' said Alice, \'but I haven\'t had a VERY unpleasant state of mind, she turned to the general conclusion, that.', 1, 1, '1975-05-23 19:06:58', '2018-02-02 10:15:43');
INSERT INTO `messages` (`id`, `from_user_id`, `to_user_id`, `body`, `is_important`, `is_delivered`, `created_at`, `updated_at`) VALUES (88, 88, 88, 'Hatter, and, just as if he were trying to put down the middle, being held up by a row of lodging houses, and behind it, it occurred to her very much pleased at having found out that it might not.', 1, 0, '1974-09-05 04:34:13', '2016-03-12 03:08:57');
INSERT INTO `messages` (`id`, `from_user_id`, `to_user_id`, `body`, `is_important`, `is_delivered`, `created_at`, `updated_at`) VALUES (89, 89, 89, 'Yet you balanced an eel on the glass table as before, \'It\'s all her fancy, that: they never executes nobody, you know. Please, Ma\'am, is this New Zealand or Australia?\' (and she tried to curtsey as.', 0, 1, '2001-06-25 20:36:26', '1996-11-10 09:18:49');
INSERT INTO `messages` (`id`, `from_user_id`, `to_user_id`, `body`, `is_important`, `is_delivered`, `created_at`, `updated_at`) VALUES (90, 90, 90, 'Tortoise, if he were trying which word sounded best. Some of the house, quite forgetting in the middle of the thing at all. However, \'jury-men\' would have done just as if she did not venture to go.', 1, 1, '2002-09-29 08:30:30', '1986-03-01 23:56:14');
INSERT INTO `messages` (`id`, `from_user_id`, `to_user_id`, `body`, `is_important`, `is_delivered`, `created_at`, `updated_at`) VALUES (91, 91, 91, 'Mouse to Alice to find my way into that lovely garden. First, however, she again heard a little girl or a watch to take out of breath, and said nothing. \'This here young lady,\' said the Caterpillar..', 1, 1, '2005-10-13 23:50:17', '2002-06-08 09:56:58');
INSERT INTO `messages` (`id`, `from_user_id`, `to_user_id`, `body`, `is_important`, `is_delivered`, `created_at`, `updated_at`) VALUES (92, 92, 92, 'Queen, who were giving it something out of his pocket, and pulled out a new pair of gloves and the executioner went off like an honest man.\' There was certainly too much frightened to say than his.', 0, 1, '2020-08-27 03:50:15', '1984-07-27 04:48:35');
INSERT INTO `messages` (`id`, `from_user_id`, `to_user_id`, `body`, `is_important`, `is_delivered`, `created_at`, `updated_at`) VALUES (93, 93, 93, 'Latitude or Longitude either, but thought they were playing the Queen in front of the song, \'I\'d have said to itself \'The Duchess! The Duchess! Oh my dear Dinah! I wonder if I shall ever see you any.', 0, 0, '1971-12-16 02:10:27', '1988-08-29 04:56:11');
INSERT INTO `messages` (`id`, `from_user_id`, `to_user_id`, `body`, `is_important`, `is_delivered`, `created_at`, `updated_at`) VALUES (94, 94, 94, 'Bill\'s place for a moment to be seen: she found to be in a mournful tone, \'he won\'t do a thing I ask! It\'s always six o\'clock now.\' A bright idea came into her face, and large eyes full of the other.', 0, 1, '1978-11-06 03:35:41', '2009-11-14 04:23:47');
INSERT INTO `messages` (`id`, `from_user_id`, `to_user_id`, `body`, `is_important`, `is_delivered`, `created_at`, `updated_at`) VALUES (95, 95, 95, 'Queen shouted at the top of the conversation. Alice replied, so eagerly that the best of educations--in fact, we went to work at once set to work nibbling at the mushroom (she had kept a piece of.', 0, 1, '1983-05-23 00:22:42', '2013-10-20 04:40:23');
INSERT INTO `messages` (`id`, `from_user_id`, `to_user_id`, `body`, `is_important`, `is_delivered`, `created_at`, `updated_at`) VALUES (96, 96, 96, 'I BEG your pardon!\' cried Alice hastily, afraid that it might tell her something worth hearing. For some minutes it puffed away without speaking, but at last in the morning, just time to see.', 0, 1, '2010-07-07 02:19:52', '2015-09-10 08:02:02');
INSERT INTO `messages` (`id`, `from_user_id`, `to_user_id`, `body`, `is_important`, `is_delivered`, `created_at`, `updated_at`) VALUES (97, 97, 97, 'Bill\'s got the other--Bill! fetch it back!\' \'And who is Dinah, if I only wish it was,\' he said. \'Fifteenth,\' said the Duchess; \'and the moral of that is--\"Be what you had been would have this cat.', 0, 0, '2011-05-21 20:28:22', '1994-06-03 08:03:01');
INSERT INTO `messages` (`id`, `from_user_id`, `to_user_id`, `body`, `is_important`, `is_delivered`, `created_at`, `updated_at`) VALUES (98, 98, 98, 'No, I\'ve made up my mind about it; and as he shook both his shoes off. \'Give your evidence,\' said the Footman, \'and that for two reasons. First, because I\'m on the bank--the birds with draggled.', 0, 0, '2014-05-14 17:41:48', '1987-01-31 03:01:10');
INSERT INTO `messages` (`id`, `from_user_id`, `to_user_id`, `body`, `is_important`, `is_delivered`, `created_at`, `updated_at`) VALUES (99, 99, 99, 'Hatter and the sound of many footsteps, and Alice guessed in a frightened tone. \'The Queen of Hearts, carrying the King\'s crown on a little scream of laughter. \'Oh, hush!\' the Rabbit coming to look.', 1, 0, '1985-05-06 04:36:08', '1982-08-10 05:52:22');
INSERT INTO `messages` (`id`, `from_user_id`, `to_user_id`, `body`, `is_important`, `is_delivered`, `created_at`, `updated_at`) VALUES (100, 100, 100, 'There seemed to rise like a candle. I wonder if I fell off the top of her knowledge. \'Just think of anything to say, she simply bowed, and took the place of the tail, and ending with the edge of the.', 0, 0, '1977-03-25 19:30:04', '2020-12-08 11:25:24');

INSERT INTO media (filename, media_type_id, metadata, user_id) VALUE (
	CONCAT('https://www.some_server.com/some_directory/', SUBSTR(MD5(RAND()), 1, 10)),
    FLOOR(1 + RAND() * 5),
    '{}',
    FLOOR(1 + RAND() * 100)
);
INSERT INTO media (filename, media_type_id, metadata, user_id) VALUE (
	CONCAT('https://www.some_server.com/some_directory/', SUBSTR(MD5(RAND()), 1, 10)),
    FLOOR(1 + RAND() * 5),
    '{}',
    FLOOR(1 + RAND() * 100)
);
INSERT INTO media (filename, media_type_id, metadata, user_id) VALUE (
	CONCAT('https://www.some_server.com/some_directory/', SUBSTR(MD5(RAND()), 1, 10)),
    FLOOR(1 + RAND() * 5),
    '{}',
    FLOOR(1 + RAND() * 100)
);
INSERT INTO media (filename, media_type_id, metadata, user_id) VALUE (
	CONCAT('https://www.some_server.com/some_directory/', SUBSTR(MD5(RAND()), 1, 10)),
    FLOOR(1 + RAND() * 5),
    '{}',
    FLOOR(1 + RAND() * 100)
);
INSERT INTO media (filename, media_type_id, metadata, user_id) VALUE (
	CONCAT('https://www.some_server.com/some_directory/', SUBSTR(MD5(RAND()), 1, 10)),
    FLOOR(1 + RAND() * 5),
    '{}',
    FLOOR(1 + RAND() * 100)
);
INSERT INTO media (filename, media_type_id, metadata, user_id) VALUE (
	CONCAT('https://www.some_server.com/some_directory/', SUBSTR(MD5(RAND()), 1, 10)),
    FLOOR(1 + RAND() * 5),
    '{}',
    FLOOR(1 + RAND() * 100)
);
INSERT INTO media (filename, media_type_id, metadata, user_id) VALUE (
	CONCAT('https://www.some_server.com/some_directory/', SUBSTR(MD5(RAND()), 1, 10)),
    FLOOR(1 + RAND() * 5),
    '{}',
    FLOOR(1 + RAND() * 100)
);
INSERT INTO media (filename, media_type_id, metadata, user_id) VALUE (
	CONCAT('https://www.some_server.com/some_directory/', SUBSTR(MD5(RAND()), 1, 10)),
    FLOOR(1 + RAND() * 5),
    '{}',
    FLOOR(1 + RAND() * 100)
);
INSERT INTO media (filename, media_type_id, metadata, user_id) VALUE (
	CONCAT('https://www.some_server.com/some_directory/', SUBSTR(MD5(RAND()), 1, 10)),
    FLOOR(1 + RAND() * 5),
    '{}',
    FLOOR(1 + RAND() * 100)
);
INSERT INTO media (filename, media_type_id, metadata, user_id) VALUE (
	CONCAT('https://www.some_server.com/some_directory/', SUBSTR(MD5(RAND()), 1, 10)),
    FLOOR(1 + RAND() * 5),
    '{}',
    FLOOR(1 + RAND() * 100)
);

UPDATE media SET metadata = CONCAT('{"size" : ' , FLOOR(1 + RAND() * 1000000), ', "extension" : "wav", "duration" : ', FLOOR(1 + RAND() * 100000), '}')
WHERE media_type_id = 1;

UPDATE media SET metadata = CONCAT('{"size" : ' , FLOOR(1 + RAND() * 1000000), ', "extension" : "png", "resolution" : "', CONCAT_WS('x', FLOOR(100 + RAND() * 1000), FLOOR(100 + RAND() * 1000)), '"}')
WHERE media_type_id = 2;

UPDATE media SET metadata = CONCAT('{"size" : ' , FLOOR(1 + RAND() * 1000000), ', "extension" : "mp4", "resolution" : "', CONCAT_WS('x', FLOOR(100 + RAND() * 1000), FLOOR(100 + RAND() * 1000)), '", "duration" : "', FLOOR(1 + RAND() * 100000), '"}')
WHERE media_type_id = 3;

UPDATE media SET metadata = CONCAT('{"size" : ' , FLOOR(1 + RAND() * 10000), ', "extension" : "gif", "resolution" : "', CONCAT_WS('x', FLOOR(100 + RAND() * 500), FLOOR(100 + RAND() * 500)), '", "duration" : "', FLOOR(1 + RAND() * 100), '"}')
WHERE media_type_id = 4;

UPDATE media SET metadata = CONCAT('{"size" : ' , FLOOR(1 + RAND() * 100), ', "extension" : "doc"}')
WHERE media_type_id = 5;

UPDATE media SET filename = CONCAT_WS('.', filename, metadata->"$.extension")
WHERE media_type_id = 1 OR media_type_id = 2 OR media_type_id = 3 OR media_type_id = 4 OR media_type_id = 5;

UPDATE messages SET
	from_user_id = FLOOR(1 + RAND() * 100),
    to_user_id = FLOOR(1 + RAND() * 100) 
     WHERE id < 200;

UPDATE friendship SET
	user_id = FLOOR(1 + RAND() * 100),
    friend_id = FLOOR(1 + RAND() * 100) 
     WHERE user_id < 200;
     
INSERT INTO `posts` (`id`, `user_id`, `body`, `created_at`, `updated_at`) VALUES (1, 1, 'Alice was very glad to find my way into that lovely garden. First, however, she waited patiently. \'Once,\' said the Hatter: \'it\'s very interesting. I never heard of uglifying!\' it exclaimed. \'You.', '2011-02-27 14:23:02', '2005-11-07 08:45:10');
INSERT INTO `posts` (`id`, `user_id`, `body`, `created_at`, `updated_at`) VALUES (2, 2, 'WOULD put their heads down and cried. \'Come, there\'s no room to grow here,\' said the Gryphon. \'They can\'t have anything to put everything upon Bill! I wouldn\'t say anything about it, you know.\' \'I.', '1994-03-19 20:33:09', '2020-04-13 11:21:31');
INSERT INTO `posts` (`id`, `user_id`, `body`, `created_at`, `updated_at`) VALUES (3, 3, 'I to get us dry would be as well look and see after some executions I have none, Why, I wouldn\'t say anything about it, even if I shall remember it in her hand, and made believe to worry it; then.', '2012-02-01 22:55:52', '2002-10-28 16:09:21');
INSERT INTO `posts` (`id`, `user_id`, `body`, `created_at`, `updated_at`) VALUES (4, 4, 'Mouse, getting up and saying, \'Thank you, sir, for your walk!\" \"Coming in a hoarse, feeble voice: \'I heard every word you fellows were saying.\' \'Tell us a story.\' \'I\'m afraid I\'ve offended it.', '1974-05-25 20:15:59', '2001-04-06 13:14:24');
INSERT INTO `posts` (`id`, `user_id`, `body`, `created_at`, `updated_at`) VALUES (5, 5, 'And I declare it\'s too bad, that it might not escape again, and looking at them with the tarts, you know--\' (pointing with his head!\' or \'Off with his head!\"\' \'How dreadfully savage!\' exclaimed.', '1975-10-29 18:06:44', '2017-09-01 21:05:42');
INSERT INTO `posts` (`id`, `user_id`, `body`, `created_at`, `updated_at`) VALUES (6, 6, 'Alice. \'You must be,\' said the King. (The jury all brightened up at the window.\' \'THAT you won\'t\' thought Alice, \'as all the players, except the King, \'unless it was as long as you might do.', '1978-05-09 11:53:42', '1996-09-13 09:52:32');
INSERT INTO `posts` (`id`, `user_id`, `body`, `created_at`, `updated_at`) VALUES (7, 7, 'Dinah my dear! I shall see it trying in a minute, nurse! But I\'ve got back to yesterday, because I was thinking I should think you\'ll feel it a little irritated at the time when I find a pleasure in.', '2008-05-28 12:33:38', '2019-09-30 17:04:48');
INSERT INTO `posts` (`id`, `user_id`, `body`, `created_at`, `updated_at`) VALUES (8, 8, 'Our family always HATED cats: nasty, low, vulgar things! Don\'t let me hear the words:-- \'I speak severely to my jaw, Has lasted the rest of the water, and seemed to be found: all she could not swim..', '1988-09-05 21:10:45', '1972-09-20 12:05:26');
INSERT INTO `posts` (`id`, `user_id`, `body`, `created_at`, `updated_at`) VALUES (9, 9, 'In another moment down went Alice after it, \'Mouse dear! Do come back and see after some executions I have dropped them, I wonder?\' As she said this, she noticed a curious plan!\' exclaimed Alice..', '2017-06-26 12:51:37', '1998-12-22 21:10:27');
INSERT INTO `posts` (`id`, `user_id`, `body`, `created_at`, `updated_at`) VALUES (10, 10, 'Duchess, digging her sharp little chin. \'I\'ve a right to think,\' said Alice to herself. Imagine her surprise, when the White Rabbit, who was reading the list of the thing yourself, some winter day,.', '2002-03-16 17:22:42', '1975-02-14 11:05:22');
INSERT INTO `posts` (`id`, `user_id`, `body`, `created_at`, `updated_at`) VALUES (11, 11, 'So Alice began in a tone of the garden, where Alice could bear: she got up, and began staring at the great hall, with the tarts, you know--\' \'What did they live at the bottom of a muchness\"--did you.', '1977-12-07 10:43:55', '1984-03-08 17:11:48');
INSERT INTO `posts` (`id`, `user_id`, `body`, `created_at`, `updated_at`) VALUES (12, 12, 'Rabbit whispered in reply, \'for fear they should forget them before the trial\'s begun.\' \'They\'re putting down their names,\' the Gryphon said, in a pleased tone. \'Pray don\'t trouble yourself to say.', '1986-01-03 22:33:26', '1998-06-22 11:03:35');
INSERT INTO `posts` (`id`, `user_id`, `body`, `created_at`, `updated_at`) VALUES (13, 13, 'White Rabbit returning, splendidly dressed, with a sigh: \'it\'s always tea-time, and we\'ve no time she\'d have everybody executed, all round. (It was this last remark, \'it\'s a vegetable. It doesn\'t.', '1995-06-02 16:22:31', '2008-02-01 08:29:47');
INSERT INTO `posts` (`id`, `user_id`, `body`, `created_at`, `updated_at`) VALUES (14, 14, 'However, this bottle does. I do so like that curious song about the crumbs,\' said the Mock Turtle; \'but it sounds uncommon nonsense.\' Alice said nothing; she had accidentally upset the milk-jug into.', '1977-12-18 22:04:31', '1985-04-28 21:28:19');
INSERT INTO `posts` (`id`, `user_id`, `body`, `created_at`, `updated_at`) VALUES (15, 15, 'I mentioned before, And have grown most uncommonly fat; Yet you balanced an eel on the floor, and a large piece out of the Gryphon, and the bright eager eyes were nearly out of its mouth and began.', '1975-03-20 21:13:30', '2006-03-16 04:48:36');
INSERT INTO `posts` (`id`, `user_id`, `body`, `created_at`, `updated_at`) VALUES (16, 16, 'I think?\' he said to herself how she would gather about her repeating \'YOU ARE OLD, FATHER WILLIAM,\' to the tarts on the spot.\' This did not see anything that looked like the wind, and was going a.', '1990-07-17 16:12:57', '2010-08-26 03:13:04');
INSERT INTO `posts` (`id`, `user_id`, `body`, `created_at`, `updated_at`) VALUES (17, 17, 'Classics master, though. He was looking down with wonder at the end of the March Hare. Alice sighed wearily. \'I think I may as well go in ringlets at all; however, she waited patiently. \'Once,\' said.', '1974-09-12 10:46:58', '1995-09-22 05:31:02');
INSERT INTO `posts` (`id`, `user_id`, `body`, `created_at`, `updated_at`) VALUES (18, 18, 'I\'m certain! I must have been changed for Mabel! I\'ll try if I like being that person, I\'ll come up: if not, I\'ll stay down here with me! There are no mice in the lock, and to hear the very middle.', '2009-02-28 11:01:27', '1993-11-12 12:46:25');
INSERT INTO `posts` (`id`, `user_id`, `body`, `created_at`, `updated_at`) VALUES (19, 19, 'But her sister on the OUTSIDE.\' He unfolded the paper as he spoke, and added with a growl, And concluded the banquet--] \'What IS a long and a sad tale!\' said the Mouse. \'--I proceed. \"Edwin and.', '2012-07-16 14:00:05', '2010-04-21 08:25:50');
INSERT INTO `posts` (`id`, `user_id`, `body`, `created_at`, `updated_at`) VALUES (20, 20, 'CHAPTER VIII. The Queen\'s Croquet-Ground A large rose-tree stood near the looking-glass. There was a paper label, with the day of the sort!\' said Alice. \'Anything you like,\' said the Mock Turtle a.', '2000-11-22 18:53:48', '1981-01-08 10:41:49');
INSERT INTO `posts` (`id`, `user_id`, `body`, `created_at`, `updated_at`) VALUES (21, 21, 'I\'m sure I have ordered\'; and she went back to the croquet-ground. The other side of WHAT?\' thought Alice \'without pictures or conversations?\' So she was to get us dry would be as well as she could..', '2018-01-05 18:46:47', '1970-03-27 23:33:34');
INSERT INTO `posts` (`id`, `user_id`, `body`, `created_at`, `updated_at`) VALUES (22, 22, 'Don\'t let him know she liked them best, For this must be the right height to be.\' \'It is a long hookah, and taking not the smallest notice of them were animals, and some of the deepest contempt..', '1983-11-21 14:12:29', '2003-05-12 14:00:39');
INSERT INTO `posts` (`id`, `user_id`, `body`, `created_at`, `updated_at`) VALUES (23, 23, 'She had just upset the milk-jug into his cup of tea, and looked at each other for some minutes. Alice thought she had nothing yet,\' Alice replied eagerly, for she was beginning to get to,\' said the.', '1973-08-28 10:09:19', '2018-07-17 09:22:27');
INSERT INTO `posts` (`id`, `user_id`, `body`, `created_at`, `updated_at`) VALUES (24, 24, 'Do you think you could only hear whispers now and then, if I know is, something comes at me like that!\' He got behind Alice as it was very hot, she kept fanning herself all the other paw, \'lives a.', '1993-11-28 01:06:49', '1979-03-07 06:39:04');
INSERT INTO `posts` (`id`, `user_id`, `body`, `created_at`, `updated_at`) VALUES (25, 25, 'THAT. Then again--\"BEFORE SHE HAD THIS FIT--\" you never to lose YOUR temper!\' \'Hold your tongue!\' said the Mouse only growled in reply. \'Idiot!\' said the King; and the baby violently up and repeat.', '1987-04-30 23:13:11', '1987-01-20 02:44:33');
INSERT INTO `posts` (`id`, `user_id`, `body`, `created_at`, `updated_at`) VALUES (26, 26, 'Alice an excellent opportunity for croqueting one of the words \'EAT ME\' were beautifully marked in currants. \'Well, I\'ll eat it,\' said the Mock Turtle. So she was holding, and she thought it would.', '2016-11-24 17:29:15', '2017-07-01 12:29:32');
INSERT INTO `posts` (`id`, `user_id`, `body`, `created_at`, `updated_at`) VALUES (27, 27, 'King, looking round the neck of the other was sitting next to no toys to play croquet with the distant green leaves. As there seemed to listen, the whole pack of cards: the Knave was standing before.', '2002-01-14 18:29:52', '1978-04-26 08:10:17');
INSERT INTO `posts` (`id`, `user_id`, `body`, `created_at`, `updated_at`) VALUES (28, 28, 'Alice crouched down among the leaves, which she concluded that it seemed quite dull and stupid for life to go on. \'And so these three little sisters,\' the Dormouse into the wood. \'It\'s the Cheshire.', '1973-08-03 14:03:50', '2016-03-11 19:42:36');
INSERT INTO `posts` (`id`, `user_id`, `body`, `created_at`, `updated_at`) VALUES (29, 29, 'Alice. \'Stand up and down, and was surprised to find herself still in existence; \'and now for the immediate adoption of more broken glass.) \'Now tell me, Pat, what\'s that in the book,\' said the.', '2010-09-21 13:39:09', '1979-10-18 10:09:32');
INSERT INTO `posts` (`id`, `user_id`, `body`, `created_at`, `updated_at`) VALUES (30, 30, 'Alice think it would be quite as safe to stay with it as well as if he doesn\'t begin.\' But she went on, \'you see, a dog growls when it\'s angry, and wags its tail about in all directions, tumbling up.', '1979-08-28 16:30:19', '1971-03-10 16:03:37');
INSERT INTO `posts` (`id`, `user_id`, `body`, `created_at`, `updated_at`) VALUES (31, 31, 'Alice said; but was dreadfully puzzled by the carrier,\' she thought; \'and how funny it\'ll seem, sending presents to one\'s own feet! And how odd the directions will look! ALICE\'S RIGHT FOOT, ESQ..', '1975-01-04 02:01:24', '2006-06-05 21:49:43');
INSERT INTO `posts` (`id`, `user_id`, `body`, `created_at`, `updated_at`) VALUES (32, 32, 'M--\' \'Why with an M--\' \'Why with an M?\' said Alice. \'Why, SHE,\' said the Gryphon. \'It all came different!\' the Mock Turtle went on, \'and most things twinkled after that--only the March Hare. \'Yes,.', '1972-06-04 17:16:36', '1975-01-28 11:22:32');
INSERT INTO `posts` (`id`, `user_id`, `body`, `created_at`, `updated_at`) VALUES (33, 33, 'ME\' beautifully printed on it except a tiny little thing!\' It did so indeed, and much sooner than she had quite forgotten the little golden key, and unlocking the door as you go on? It\'s by far the.', '2002-09-28 08:24:46', '1972-06-02 16:31:27');
INSERT INTO `posts` (`id`, `user_id`, `body`, `created_at`, `updated_at`) VALUES (34, 34, 'This was quite pleased to have no notion how delightful it will be When they take us up and to hear his history. I must sugar my hair.\" As a duck with its wings. \'Serpent!\' screamed the Gryphon..', '2003-12-19 01:02:05', '1993-11-09 14:04:45');
INSERT INTO `posts` (`id`, `user_id`, `body`, `created_at`, `updated_at`) VALUES (35, 35, 'Alice indignantly. \'Let me alone!\' \'Serpent, I say again!\' repeated the Pigeon, but in a tone of great dismay, and began to feel a little irritated at the door-- Pray, what is the same tone, exactly.', '1978-06-25 09:46:54', '2006-05-18 16:19:45');
INSERT INTO `posts` (`id`, `user_id`, `body`, `created_at`, `updated_at`) VALUES (36, 36, 'Alice, who felt very curious thing, and she had grown up,\' she said to herself, \'because of his pocket, and pulled out a box of comfits, (luckily the salt water had not noticed before, and she.', '2021-07-25 15:05:42', '1992-07-31 22:24:25');
INSERT INTO `posts` (`id`, `user_id`, `body`, `created_at`, `updated_at`) VALUES (37, 37, 'Caterpillar took the hookah out of THIS!\' (Sounds of more energetic remedies--\' \'Speak English!\' said the March Hare said in a court of justice before, but she could not remember the simple and.', '2006-09-04 07:48:07', '1979-03-12 23:14:05');
INSERT INTO `posts` (`id`, `user_id`, `body`, `created_at`, `updated_at`) VALUES (38, 38, 'Lory. Alice replied thoughtfully. \'They have their tails fast in their paws. \'And how many miles I\'ve fallen by this time, as it could go, and broke to pieces against one of the song. \'What trial is.', '1984-07-28 00:12:23', '1987-07-02 05:36:57');
INSERT INTO `posts` (`id`, `user_id`, `body`, `created_at`, `updated_at`) VALUES (39, 39, 'I hate cats and dogs.\' It was the BEST butter, you know.\' \'I don\'t think it\'s at all a pity. I said \"What for?\"\' \'She boxed the Queen\'s ears--\' the Rabbit in a sorrowful tone, \'I\'m afraid I don\'t.', '2009-03-25 01:03:50', '2013-04-10 00:30:04');
INSERT INTO `posts` (`id`, `user_id`, `body`, `created_at`, `updated_at`) VALUES (40, 40, 'Forty-two. ALL PERSONS MORE THAN A MILE HIGH TO LEAVE THE COURT.\' Everybody looked at her own child-life, and the baby at her feet, they seemed to think about it, you may stand down,\' continued the.', '1982-03-15 21:18:01', '1995-12-08 09:57:22');
INSERT INTO `posts` (`id`, `user_id`, `body`, `created_at`, `updated_at`) VALUES (41, 41, 'While she was surprised to see anything; then she had somehow fallen into the air. She did it so VERY remarkable in that; nor did Alice think it would feel very uneasy: to be no chance of her voice,.', '1991-08-08 04:29:32', '1975-04-24 01:58:52');
INSERT INTO `posts` (`id`, `user_id`, `body`, `created_at`, `updated_at`) VALUES (42, 42, 'If I or she fell past it. \'Well!\' thought Alice \'without pictures or conversations in it, \'and what is the capital of Paris, and Paris is the reason is--\' here the Mock Turtle, capering wildly.', '2013-09-13 13:20:15', '1977-08-28 11:56:09');
INSERT INTO `posts` (`id`, `user_id`, `body`, `created_at`, `updated_at`) VALUES (43, 43, 'White Rabbit with pink eyes ran close by it, and behind them a railway station.) However, she got used to call him Tortoise--\' \'Why did they draw?\' said Alice, who felt very curious to see what.', '2003-05-02 22:05:25', '2006-06-14 20:59:52');
INSERT INTO `posts` (`id`, `user_id`, `body`, `created_at`, `updated_at`) VALUES (44, 44, 'Majesty!\' the Duchess and the Queen, who had followed him into the earth. At last the Gryphon repeated impatiently: \'it begins \"I passed by his garden, and I never heard it say to itself, half to.', '2003-07-22 10:30:37', '1976-02-02 18:52:38');
INSERT INTO `posts` (`id`, `user_id`, `body`, `created_at`, `updated_at`) VALUES (45, 45, 'I believe.\' \'Boots and shoes under the sea,\' the Gryphon in an angry voice--the Rabbit\'s--\'Pat! Pat! Where are you?\' said Alice, and tried to say \'creatures,\' you see, as she went on. Her listeners.', '2015-02-15 06:07:21', '2003-10-06 21:47:15');
INSERT INTO `posts` (`id`, `user_id`, `body`, `created_at`, `updated_at`) VALUES (46, 46, 'I to get in?\' \'There might be hungry, in which case it would not stoop? Soup of the garden: the roses growing on it (as she had wept when she was saying, and the White Rabbit interrupted:.', '1985-04-09 16:25:15', '2007-11-17 23:34:10');
INSERT INTO `posts` (`id`, `user_id`, `body`, `created_at`, `updated_at`) VALUES (47, 47, 'In the very tones of the Queen\'s ears--\' the Rabbit say to this: so she bore it as you liked.\' \'Is that the hedgehog had unrolled itself, and began smoking again. This time there were a Duck and a.', '1998-09-26 00:09:23', '1987-10-17 20:21:39');
INSERT INTO `posts` (`id`, `user_id`, `body`, `created_at`, `updated_at`) VALUES (48, 48, 'I\'ve offended it again!\' For the Mouse had changed his mind, and was delighted to find any. And yet I don\'t put my arm round your waist,\' the Duchess and the others all joined in chorus, \'Yes,.', '1985-12-30 06:39:02', '2011-03-13 05:40:43');
INSERT INTO `posts` (`id`, `user_id`, `body`, `created_at`, `updated_at`) VALUES (49, 49, 'I do so like that curious song about the right way of expecting nothing but a pack of cards: the Knave of Hearts, who only bowed and smiled in reply. \'Idiot!\' said the Lory. Alice replied very.', '2008-01-09 15:19:45', '1985-12-18 06:08:03');
INSERT INTO `posts` (`id`, `user_id`, `body`, `created_at`, `updated_at`) VALUES (50, 50, 'Oh, my dear Dinah! I wonder what Latitude was, or Longitude either, but thought they were mine before. If I or she should chance to be a LITTLE larger, sir, if you were INSIDE, you might do very.', '1986-10-31 10:42:50', '1996-06-30 07:17:25');
INSERT INTO `posts` (`id`, `user_id`, `body`, `created_at`, `updated_at`) VALUES (51, 51, 'Mock Turtle with a cart-horse, and expecting every moment to be an advantage,\' said Alice, in a great hurry. An enormous puppy was looking down at once, with a cart-horse, and expecting every moment.', '2009-02-27 20:00:48', '1994-12-16 14:17:35');
INSERT INTO `posts` (`id`, `user_id`, `body`, `created_at`, `updated_at`) VALUES (52, 52, 'NOT be an old conger-eel, that used to do:-- \'How doth the little--\"\' and she looked down at them, and then keep tight hold of anything, but she did so, very carefully, remarking, \'I really must be.', '1977-08-07 06:58:15', '1970-03-08 14:04:29');
INSERT INTO `posts` (`id`, `user_id`, `body`, `created_at`, `updated_at`) VALUES (53, 53, 'Alice)--\'and perhaps you haven\'t found it so quickly that the Mouse to tell you--all I know is, something comes at me like a candle. I wonder if I shall fall right THROUGH the earth! How funny it\'ll.', '1979-07-11 13:15:04', '2018-02-11 21:31:02');
INSERT INTO `posts` (`id`, `user_id`, `body`, `created_at`, `updated_at`) VALUES (54, 54, 'Dodo said, \'EVERYBODY has won, and all must have a prize herself, you know,\' the Mock Turtle to sing this:-- \'Beautiful Soup, so rich and green, Waiting in a tone of great dismay, and began picking.', '2015-04-21 11:56:40', '1983-12-16 21:51:33');
INSERT INTO `posts` (`id`, `user_id`, `body`, `created_at`, `updated_at`) VALUES (55, 55, 'Alice very politely; but she saw them, they were lying round the court and got behind Alice as he spoke, \'we were trying--\' \'I see!\' said the Dormouse, who seemed too much pepper in my own tears!.', '1981-12-05 22:08:44', '1991-10-13 10:43:10');
INSERT INTO `posts` (`id`, `user_id`, `body`, `created_at`, `updated_at`) VALUES (56, 56, 'I goes like a writing-desk?\' \'Come, we shall have to go on. \'And so these three little sisters,\' the Dormouse into the earth. At last the Caterpillar angrily, rearing itself upright as it went. So.', '2014-11-25 01:36:10', '1982-01-25 12:37:05');
INSERT INTO `posts` (`id`, `user_id`, `body`, `created_at`, `updated_at`) VALUES (57, 57, 'I should think!\' (Dinah was the first sentence in her life, and had come back with the Gryphon. \'--you advance twice--\' \'Each with a bound into the air, I\'m afraid, sir\' said Alice, \'I\'ve often seen.', '2007-12-08 15:34:51', '1982-08-02 03:55:34');
INSERT INTO `posts` (`id`, `user_id`, `body`, `created_at`, `updated_at`) VALUES (58, 58, 'Alice, and, after waiting till she was coming back to the Gryphon. \'I\'ve forgotten the words.\' So they got their tails in their mouths--and they\'re all over their slates; \'but it doesn\'t understand.', '2014-10-20 16:07:15', '2005-03-26 10:41:52');
INSERT INTO `posts` (`id`, `user_id`, `body`, `created_at`, `updated_at`) VALUES (59, 59, 'Alice, \'or perhaps they won\'t walk the way I want to see its meaning. \'And just as I used--and I don\'t know,\' he went on, spreading out the words: \'Where\'s the other side of the water, and seemed to.', '2008-02-10 02:46:40', '2010-07-01 22:40:52');
INSERT INTO `posts` (`id`, `user_id`, `body`, `created_at`, `updated_at`) VALUES (60, 60, 'Alice and all of them with large round eyes, and feebly stretching out one paw, trying to find that her idea of having nothing to do: once or twice she had a consultation about this, and she hastily.', '1996-04-30 12:18:00', '1999-10-15 15:52:29');
INSERT INTO `posts` (`id`, `user_id`, `body`, `created_at`, `updated_at`) VALUES (61, 61, 'There was no longer to be seen: she found her head impatiently; and, turning to the end: then stop.\' These were the verses to himself: \'\"WE KNOW IT TO BE TRUE--\" that\'s the jury, in a sorrowful.', '1970-12-07 00:29:01', '2001-04-10 18:10:13');
INSERT INTO `posts` (`id`, `user_id`, `body`, `created_at`, `updated_at`) VALUES (62, 62, 'Mouse splashed his way through the doorway; \'and even if my head would go through,\' thought poor Alice, that she was losing her temper. \'Are you content now?\' said the voice. \'Fetch me my gloves.', '1994-10-10 03:50:15', '2021-08-30 06:26:41');
INSERT INTO `posts` (`id`, `user_id`, `body`, `created_at`, `updated_at`) VALUES (63, 63, 'It\'s by far the most important piece of it altogether; but after a fashion, and this Alice thought to herself. (Alice had no reason to be a lesson to you never to lose YOUR temper!\' \'Hold your.', '2012-07-31 14:28:37', '1976-01-25 07:39:07');
INSERT INTO `posts` (`id`, `user_id`, `body`, `created_at`, `updated_at`) VALUES (64, 64, 'Alice, in a tone of great curiosity. \'It\'s a mineral, I THINK,\' said Alice. \'Of course you don\'t!\' the Hatter instead!\' CHAPTER VII. A Mad Tea-Party There was nothing on it but tea. \'I don\'t see how.', '2017-12-13 08:26:31', '1981-08-27 13:43:02');
INSERT INTO `posts` (`id`, `user_id`, `body`, `created_at`, `updated_at`) VALUES (65, 65, 'I know who I am! But I\'d better take him his fan and the happy summer days. THE.', '1987-01-10 21:24:14', '1982-01-26 07:13:56');
INSERT INTO `posts` (`id`, `user_id`, `body`, `created_at`, `updated_at`) VALUES (66, 66, 'I can\'t quite follow it as you are; secondly, because she was about a thousand times as large as the door opened inwards, and Alice\'s first thought was that it signifies much,\' she said to the heads.', '1979-03-14 14:14:55', '2011-04-22 13:51:01');
INSERT INTO `posts` (`id`, `user_id`, `body`, `created_at`, `updated_at`) VALUES (67, 67, 'The Queen had only one way of settling all difficulties, great or small. \'Off with her head!\' Those whom she sentenced were taken into custody by the carrier,\' she thought; \'and how funny it\'ll.', '2010-12-02 18:50:01', '1981-03-03 23:50:03');
INSERT INTO `posts` (`id`, `user_id`, `body`, `created_at`, `updated_at`) VALUES (68, 68, 'I shall be a walrus or hippopotamus, but then she remembered the number of bathing machines in the shade: however, the moment they saw her, they hurried back to finish his story. CHAPTER IV. The.', '1985-02-11 17:25:55', '2018-11-10 19:19:22');
INSERT INTO `posts` (`id`, `user_id`, `body`, `created_at`, `updated_at`) VALUES (69, 69, 'These were the two creatures got so close to her, And mentioned me to introduce it.\' \'I don\'t quite understand you,\' she said, \'for her hair goes in such a new idea to Alice, they all quarrel so.', '1979-08-02 09:33:11', '2004-07-27 00:04:50');
INSERT INTO `posts` (`id`, `user_id`, `body`, `created_at`, `updated_at`) VALUES (70, 70, 'Alice could bear: she got to come out among the bright eager eyes were nearly out of a treacle-well--eh, stupid?\' \'But they were playing the Queen jumped up on tiptoe, and peeped over the jury-box.', '1974-02-20 18:32:58', '1993-05-09 11:57:18');
INSERT INTO `posts` (`id`, `user_id`, `body`, `created_at`, `updated_at`) VALUES (71, 71, 'Alice. \'I\'m glad I\'ve seen that done,\' thought Alice. \'I\'m a--I\'m a--\' \'Well! WHAT are you?\' said Alice, \'and why it is I hate cats and dogs.\' It was opened by another footman in livery, with a.', '1983-12-17 00:39:13', '1986-10-11 09:00:37');
INSERT INTO `posts` (`id`, `user_id`, `body`, `created_at`, `updated_at`) VALUES (72, 72, 'But the snail replied \"Too far, too far!\" and gave a look askance-- Said he thanked the whiting kindly, but he now hastily began again, using the ink, that was sitting on a branch of a book,\'.', '2019-11-05 17:32:59', '2013-10-14 07:52:02');
INSERT INTO `posts` (`id`, `user_id`, `body`, `created_at`, `updated_at`) VALUES (73, 73, 'There was a child,\' said the Hatter. \'Nor I,\' said the King: \'however, it may kiss my hand if it makes me grow larger, I can reach the key; and if I might venture to go through next walking about at.', '1984-11-26 14:36:29', '1995-02-09 07:43:15');
INSERT INTO `posts` (`id`, `user_id`, `body`, `created_at`, `updated_at`) VALUES (74, 74, 'I can kick a little!\' She drew her foot as far down the chimney, has he?\' said Alice in a sorrowful tone; \'at least there\'s no meaning in it, \'and what is the driest thing I ever saw in another.', '2004-07-16 20:18:48', '1988-07-15 23:19:56');
INSERT INTO `posts` (`id`, `user_id`, `body`, `created_at`, `updated_at`) VALUES (75, 75, 'King said to herself, as she went on. \'I do,\' Alice said to Alice, flinging the baby joined):-- \'Wow! wow! wow!\' While the Owl had the best of educations--in fact, we went to work nibbling at the.', '1987-12-28 04:38:36', '1992-09-11 20:23:21');
INSERT INTO `posts` (`id`, `user_id`, `body`, `created_at`, `updated_at`) VALUES (76, 76, 'PROVES his guilt,\' said the Mock Turtle. \'She can\'t explain MYSELF, I\'m afraid, but you might catch a bad cold if she did not sneeze, were the cook, to see if she was trying to find that her idea of.', '1978-08-02 04:26:41', '1997-03-11 02:28:05');
INSERT INTO `posts` (`id`, `user_id`, `body`, `created_at`, `updated_at`) VALUES (77, 77, 'There was a dead silence. \'It\'s a mineral, I THINK,\' said Alice. \'I\'ve tried every way, and nothing seems to grin, How neatly spread his claws, And welcome little fishes in With gently smiling.', '1993-12-18 14:42:14', '2010-04-25 01:53:29');
INSERT INTO `posts` (`id`, `user_id`, `body`, `created_at`, `updated_at`) VALUES (78, 78, 'I THINK; or is it I can\'t get out of the singers in the lock, and to stand on your shoes and stockings for you now, dears? I\'m sure I have done just as well to introduce it.\' \'I don\'t see how he can.', '2006-11-11 12:19:22', '1973-05-23 08:24:28');
INSERT INTO `posts` (`id`, `user_id`, `body`, `created_at`, `updated_at`) VALUES (79, 79, 'It was opened by another footman in livery came running out of the Mock Turtle, suddenly dropping his voice; and Alice was thoroughly puzzled. \'Does the boots and shoes!\' she repeated in a low,.', '1989-10-26 17:29:59', '2005-07-06 00:00:33');
INSERT INTO `posts` (`id`, `user_id`, `body`, `created_at`, `updated_at`) VALUES (80, 80, 'The door led right into it. \'That\'s very curious.\' \'It\'s all about as much as serpents do, you know.\' It was, no doubt: only Alice did not like to drop the jar for fear of their hearing her; and.', '2004-03-24 15:00:27', '2009-03-17 03:35:36');
INSERT INTO `posts` (`id`, `user_id`, `body`, `created_at`, `updated_at`) VALUES (81, 81, 'You see the Queen. First came ten soldiers carrying clubs; these were all turning into little cakes as they used to read fairy-tales, I fancied that kind of authority among them, called out, \'First.', '1993-07-20 00:49:05', '1995-05-07 09:27:32');
INSERT INTO `posts` (`id`, `user_id`, `body`, `created_at`, `updated_at`) VALUES (82, 82, 'Duchess\'s voice died away, even in the same thing as \"I sleep when I got up in her pocket, and pulled out a box of comfits, (luckily the salt water had not long to doubt, for the hot day made her.', '2000-09-05 04:57:29', '1995-03-31 09:02:48');
INSERT INTO `posts` (`id`, `user_id`, `body`, `created_at`, `updated_at`) VALUES (83, 83, 'Alice started to her full size by this time.) \'You\'re nothing but out-of-the-way things had happened lately, that Alice could only hear whispers now and then; such as, \'Sure, I don\'t want to stay in.', '2004-06-20 00:53:57', '1997-08-17 11:10:57');
INSERT INTO `posts` (`id`, `user_id`, `body`, `created_at`, `updated_at`) VALUES (84, 84, 'SHE, of course,\' said the Mock Turtle in a sorrowful tone, \'I\'m afraid I am, sir,\' said Alice; not that she did not quite sure whether it was a dead silence instantly, and Alice looked very.', '2020-06-22 19:10:37', '2010-12-29 03:12:03');
INSERT INTO `posts` (`id`, `user_id`, `body`, `created_at`, `updated_at`) VALUES (85, 85, 'THAT\'S a good deal frightened by this time.) \'You\'re nothing but the tops of the goldfish kept running in her hand, and a Dodo, a Lory and an Eaglet, and several other curious creatures. Alice led.', '1980-09-06 14:53:12', '2008-09-19 12:28:20');
INSERT INTO `posts` (`id`, `user_id`, `body`, `created_at`, `updated_at`) VALUES (86, 86, 'Suddenly she came upon a neat little house, and found that, as nearly as she spoke. Alice did not like to be afraid of it. She went in search of her voice. Nobody moved. \'Who cares for you?\' said.', '2000-09-01 18:49:33', '1986-05-30 08:23:06');
INSERT INTO `posts` (`id`, `user_id`, `body`, `created_at`, `updated_at`) VALUES (87, 87, 'King said to Alice, and she had hurt the poor little Lizard, Bill, was in March.\' As she said to live. \'I\'ve seen a good deal: this fireplace is narrow, to be rude, so she went on: \'--that begins.', '1984-10-24 04:34:15', '2006-07-06 04:03:29');
INSERT INTO `posts` (`id`, `user_id`, `body`, `created_at`, `updated_at`) VALUES (88, 88, 'English, who wanted leaders, and had to ask any more questions about it, you know.\' Alice had got burnt, and eaten up by wild beasts and other unpleasant things, all because they WOULD go with the.', '1993-11-23 19:17:24', '1982-02-13 02:06:20');
INSERT INTO `posts` (`id`, `user_id`, `body`, `created_at`, `updated_at`) VALUES (89, 89, 'March Hare. \'I didn\'t know that Cheshire cats always grinned; in fact, I didn\'t know that you\'re mad?\' \'To begin with,\' the Mock Turtle with a sigh: \'he taught Laughing and Grief, they used to say.\'.', '1980-07-21 18:25:02', '1991-05-24 13:36:53');
INSERT INTO `posts` (`id`, `user_id`, `body`, `created_at`, `updated_at`) VALUES (90, 90, 'YOUR business, Two!\' said Seven. \'Yes, it IS his business!\' said Five, in a great deal to ME,\' said Alice sadly. \'Hand it over here,\' said the King, \'that saves a world of trouble, you know, and he.', '2002-06-08 10:55:54', '2008-07-11 23:51:56');
INSERT INTO `posts` (`id`, `user_id`, `body`, `created_at`, `updated_at`) VALUES (91, 91, 'They were just beginning to end,\' said the Hatter. Alice felt a very small cake, on which the wretched Hatter trembled so, that he had a consultation about this, and Alice looked all round her once.', '1987-10-24 11:55:07', '1995-12-19 11:17:37');
INSERT INTO `posts` (`id`, `user_id`, `body`, `created_at`, `updated_at`) VALUES (92, 92, 'Her first idea was that she was ever to get through was more than three.\' \'Your hair wants cutting,\' said the King, and the cool fountains. CHAPTER VIII. The Queen\'s argument was, that she did not.', '1988-08-31 07:14:28', '2010-05-30 14:36:27');
INSERT INTO `posts` (`id`, `user_id`, `body`, `created_at`, `updated_at`) VALUES (93, 93, 'Mock Turtle Soup is made from,\' said the Duchess; \'and that\'s a fact.\' Alice did not notice this question, but hurriedly went on, half to herself, \'whenever I eat one of them at dinn--\' she checked.', '1991-08-02 22:43:46', '1991-01-03 15:57:17');
INSERT INTO `posts` (`id`, `user_id`, `body`, `created_at`, `updated_at`) VALUES (94, 94, 'King, \'and don\'t be nervous, or I\'ll kick you down stairs!\' \'That is not said right,\' said the Dormouse: \'not in that soup!\' Alice said very politely, \'if I had our Dinah here, I know I do!\' said.', '2020-08-15 11:02:34', '1994-04-06 13:31:54');
INSERT INTO `posts` (`id`, `user_id`, `body`, `created_at`, `updated_at`) VALUES (95, 95, 'I\'ll set Dinah at you!\' There was a dead silence. \'It\'s a friend of mine--a Cheshire Cat,\' said Alice: \'--where\'s the Duchess?\' \'Hush! Hush!\' said the Gryphon repeated impatiently: \'it begins \"I.', '2012-06-30 15:55:42', '1987-05-07 04:02:11');
INSERT INTO `posts` (`id`, `user_id`, `body`, `created_at`, `updated_at`) VALUES (96, 96, 'Duchess to play croquet.\' Then they all cheered. Alice thought she had never been in a natural way. \'I thought you did,\' said the Queen, in a very good height indeed!\' said the Duchess, digging her.', '1989-10-23 13:06:10', '1999-07-19 00:21:29');
INSERT INTO `posts` (`id`, `user_id`, `body`, `created_at`, `updated_at`) VALUES (97, 97, 'You\'re mad.\' \'How do you know that cats COULD grin.\' \'They all can,\' said the Hatter: \'it\'s very interesting. I never was so much about a foot high: then she had been broken to pieces. \'Please,.', '2019-11-10 03:34:29', '1985-10-14 06:01:43');
INSERT INTO `posts` (`id`, `user_id`, `body`, `created_at`, `updated_at`) VALUES (98, 98, 'I!\' he replied. \'We quarrelled last March--just before HE went mad, you know--\' \'What did they live at the time it vanished quite slowly, beginning with the Queen, who were lying on the bank, and of.', '1994-08-31 14:32:15', '1982-10-05 17:53:22');
INSERT INTO `posts` (`id`, `user_id`, `body`, `created_at`, `updated_at`) VALUES (99, 99, 'I\'ve nothing to do.\" Said the mouse doesn\'t get out.\" Only I don\'t like them raw.\' \'Well, be off, then!\' said the Caterpillar. Here was another long passage, and the little door, had vanished.', '1991-08-15 23:36:31', '1976-10-26 11:55:20');
INSERT INTO `posts` (`id`, `user_id`, `body`, `created_at`, `updated_at`) VALUES (100, 100, 'Mock Turtle with a large plate came skimming out, straight at the proposal. \'Then the Dormouse go on till you come to the table, but it makes me grow larger, I can say.\' This was such a nice little.', '1983-09-16 06:28:29', '1971-04-29 01:50:03');

UPDATE posts SET user_id = FLOOR(1 + RAND() * 100) WHERE id < 200;
    
INSERT INTO `posts_media` (`post_id`, `media_id`, `created_at`, `updated_at`) VALUES (1, 1, '1994-05-17 18:56:09', '1974-09-07 23:29:50');
INSERT INTO `posts_media` (`post_id`, `media_id`, `created_at`, `updated_at`) VALUES (2, 2, '1976-03-14 11:02:07', '2005-02-15 09:38:02');
INSERT INTO `posts_media` (`post_id`, `media_id`, `created_at`, `updated_at`) VALUES (3, 3, '1976-10-01 06:41:26', '2008-01-10 06:45:26');
INSERT INTO `posts_media` (`post_id`, `media_id`, `created_at`, `updated_at`) VALUES (4, 4, '2021-04-08 21:36:55', '1973-08-15 11:54:34');
INSERT INTO `posts_media` (`post_id`, `media_id`, `created_at`, `updated_at`) VALUES (5, 5, '1989-03-07 22:10:26', '1981-05-25 02:40:08');
INSERT INTO `posts_media` (`post_id`, `media_id`, `created_at`, `updated_at`) VALUES (6, 6, '1973-05-15 07:42:48', '2004-02-23 08:30:03');
INSERT INTO `posts_media` (`post_id`, `media_id`, `created_at`, `updated_at`) VALUES (7, 7, '1977-09-29 06:51:19', '1987-07-12 14:42:05');
INSERT INTO `posts_media` (`post_id`, `media_id`, `created_at`, `updated_at`) VALUES (8, 8, '1975-10-15 09:32:34', '1989-05-31 17:21:45');
INSERT INTO `posts_media` (`post_id`, `media_id`, `created_at`, `updated_at`) VALUES (9, 9, '2000-05-30 20:43:43', '1999-05-02 10:12:14');
INSERT INTO `posts_media` (`post_id`, `media_id`, `created_at`, `updated_at`) VALUES (10, 10, '1997-08-10 02:43:52', '1977-06-23 20:19:39');
INSERT INTO `posts_media` (`post_id`, `media_id`, `created_at`, `updated_at`) VALUES (11, 1, '1970-06-08 02:09:11', '1987-06-26 10:34:46');
INSERT INTO `posts_media` (`post_id`, `media_id`, `created_at`, `updated_at`) VALUES (12, 2, '1999-09-22 23:38:19', '2019-07-16 20:57:26');
INSERT INTO `posts_media` (`post_id`, `media_id`, `created_at`, `updated_at`) VALUES (13, 3, '2009-11-24 21:14:06', '1984-12-09 14:52:11');
INSERT INTO `posts_media` (`post_id`, `media_id`, `created_at`, `updated_at`) VALUES (14, 4, '1992-04-13 04:41:23', '1997-12-19 22:36:22');
INSERT INTO `posts_media` (`post_id`, `media_id`, `created_at`, `updated_at`) VALUES (15, 5, '1972-08-10 19:23:50', '1999-10-03 09:56:11');
INSERT INTO `posts_media` (`post_id`, `media_id`, `created_at`, `updated_at`) VALUES (16, 6, '1975-12-28 02:46:42', '2019-09-05 22:02:14');
INSERT INTO `posts_media` (`post_id`, `media_id`, `created_at`, `updated_at`) VALUES (17, 7, '1973-02-25 10:13:55', '1982-12-09 07:17:02');
INSERT INTO `posts_media` (`post_id`, `media_id`, `created_at`, `updated_at`) VALUES (18, 8, '1984-09-06 01:48:02', '2013-03-16 19:50:25');
INSERT INTO `posts_media` (`post_id`, `media_id`, `created_at`, `updated_at`) VALUES (19, 9, '2003-05-13 14:15:54', '1996-07-08 18:49:28');
INSERT INTO `posts_media` (`post_id`, `media_id`, `created_at`, `updated_at`) VALUES (20, 10, '1998-09-24 19:39:21', '1982-08-14 16:13:11');
INSERT INTO `posts_media` (`post_id`, `media_id`, `created_at`, `updated_at`) VALUES (21, 1, '2015-06-25 11:59:59', '1987-09-24 11:02:27');
INSERT INTO `posts_media` (`post_id`, `media_id`, `created_at`, `updated_at`) VALUES (22, 2, '2005-05-05 17:11:02', '2000-02-24 16:40:11');
INSERT INTO `posts_media` (`post_id`, `media_id`, `created_at`, `updated_at`) VALUES (23, 3, '2006-04-07 15:10:49', '2018-04-04 00:05:11');
INSERT INTO `posts_media` (`post_id`, `media_id`, `created_at`, `updated_at`) VALUES (24, 4, '1977-11-04 02:38:36', '1978-05-29 02:59:22');
INSERT INTO `posts_media` (`post_id`, `media_id`, `created_at`, `updated_at`) VALUES (25, 5, '2010-11-29 13:39:52', '1985-09-25 08:50:14');
INSERT INTO `posts_media` (`post_id`, `media_id`, `created_at`, `updated_at`) VALUES (26, 6, '1971-06-08 18:57:17', '1997-10-30 20:34:39');
INSERT INTO `posts_media` (`post_id`, `media_id`, `created_at`, `updated_at`) VALUES (27, 7, '1995-04-02 06:51:24', '1987-06-17 03:02:41');
INSERT INTO `posts_media` (`post_id`, `media_id`, `created_at`, `updated_at`) VALUES (28, 8, '2001-05-10 04:07:30', '2002-11-21 19:28:53');
INSERT INTO `posts_media` (`post_id`, `media_id`, `created_at`, `updated_at`) VALUES (29, 9, '2006-10-01 17:02:19', '2016-03-10 01:15:52');
INSERT INTO `posts_media` (`post_id`, `media_id`, `created_at`, `updated_at`) VALUES (30, 10, '1998-04-22 03:23:16', '1980-01-19 14:51:25');

UPDATE posts_media SET
	post_id = FLOOR(1 + RAND() * 100),
    media_id = FLOOR(1 + RAND() * 10) 
     WHERE post_id < 200;
     
INSERT INTO `likes_media` (`user_id`, `media_id`, `created_at`, `updated_at`) VALUES (1, 1, '1996-04-30 01:47:05', '2013-02-01 07:42:00');
INSERT INTO `likes_media` (`user_id`, `media_id`, `created_at`, `updated_at`) VALUES (2, 2, '1975-09-21 05:32:25', '1973-09-03 08:35:54');
INSERT INTO `likes_media` (`user_id`, `media_id`, `created_at`, `updated_at`) VALUES (3, 3, '2019-10-09 14:37:30', '2001-02-19 21:27:40');
INSERT INTO `likes_media` (`user_id`, `media_id`, `created_at`, `updated_at`) VALUES (4, 4, '1994-11-16 23:35:39', '1991-04-30 21:40:34');
INSERT INTO `likes_media` (`user_id`, `media_id`, `created_at`, `updated_at`) VALUES (5, 5, '2013-05-25 15:19:32', '1983-01-24 09:34:50');
INSERT INTO `likes_media` (`user_id`, `media_id`, `created_at`, `updated_at`) VALUES (6, 6, '2015-06-06 11:26:23', '1996-05-22 19:13:15');
INSERT INTO `likes_media` (`user_id`, `media_id`, `created_at`, `updated_at`) VALUES (7, 7, '2011-06-23 03:26:05', '1991-08-07 19:07:15');
INSERT INTO `likes_media` (`user_id`, `media_id`, `created_at`, `updated_at`) VALUES (8, 8, '1994-06-17 15:05:33', '1971-04-05 04:27:44');
INSERT INTO `likes_media` (`user_id`, `media_id`, `created_at`, `updated_at`) VALUES (9, 9, '2019-11-02 04:48:22', '2012-03-27 17:19:37');
INSERT INTO `likes_media` (`user_id`, `media_id`, `created_at`, `updated_at`) VALUES (10, 10, '1980-05-02 14:20:25', '2018-11-22 15:27:36');
INSERT INTO `likes_media` (`user_id`, `media_id`, `created_at`, `updated_at`) VALUES (11, 1, '2001-11-19 03:47:52', '2021-06-05 18:21:44');
INSERT INTO `likes_media` (`user_id`, `media_id`, `created_at`, `updated_at`) VALUES (12, 2, '2004-02-19 00:08:48', '2001-09-09 11:54:27');
INSERT INTO `likes_media` (`user_id`, `media_id`, `created_at`, `updated_at`) VALUES (13, 3, '2017-12-28 03:45:44', '2014-01-05 10:19:22');
INSERT INTO `likes_media` (`user_id`, `media_id`, `created_at`, `updated_at`) VALUES (14, 4, '1989-06-05 01:00:24', '2009-03-30 15:28:16');
INSERT INTO `likes_media` (`user_id`, `media_id`, `created_at`, `updated_at`) VALUES (15, 5, '2009-04-11 20:45:18', '2021-08-19 22:13:20');
INSERT INTO `likes_media` (`user_id`, `media_id`, `created_at`, `updated_at`) VALUES (16, 6, '2010-05-02 09:27:14', '1988-10-07 05:10:32');
INSERT INTO `likes_media` (`user_id`, `media_id`, `created_at`, `updated_at`) VALUES (17, 7, '1985-08-09 16:01:03', '2020-08-26 01:54:19');
INSERT INTO `likes_media` (`user_id`, `media_id`, `created_at`, `updated_at`) VALUES (18, 8, '2010-02-02 20:06:00', '2011-12-17 09:46:08');
INSERT INTO `likes_media` (`user_id`, `media_id`, `created_at`, `updated_at`) VALUES (19, 9, '1977-12-31 18:47:37', '1972-09-20 21:17:50');
INSERT INTO `likes_media` (`user_id`, `media_id`, `created_at`, `updated_at`) VALUES (20, 10, '2003-07-14 22:29:42', '2018-06-22 23:24:42');
INSERT INTO `likes_media` (`user_id`, `media_id`, `created_at`, `updated_at`) VALUES (21, 1, '1981-08-23 12:13:50', '2018-07-19 22:07:07');
INSERT INTO `likes_media` (`user_id`, `media_id`, `created_at`, `updated_at`) VALUES (22, 2, '2020-08-14 17:10:15', '2017-05-02 17:47:26');
INSERT INTO `likes_media` (`user_id`, `media_id`, `created_at`, `updated_at`) VALUES (23, 3, '2015-01-08 21:04:37', '1987-06-12 12:52:29');
INSERT INTO `likes_media` (`user_id`, `media_id`, `created_at`, `updated_at`) VALUES (24, 4, '2021-02-23 15:15:18', '1992-07-26 09:03:11');
INSERT INTO `likes_media` (`user_id`, `media_id`, `created_at`, `updated_at`) VALUES (25, 5, '2011-12-02 17:02:22', '1978-01-04 17:24:10');
INSERT INTO `likes_media` (`user_id`, `media_id`, `created_at`, `updated_at`) VALUES (26, 6, '1975-03-02 23:10:45', '1988-05-28 15:36:42');
INSERT INTO `likes_media` (`user_id`, `media_id`, `created_at`, `updated_at`) VALUES (27, 7, '1986-12-11 04:16:24', '1994-06-13 05:27:41');
INSERT INTO `likes_media` (`user_id`, `media_id`, `created_at`, `updated_at`) VALUES (28, 8, '2004-02-24 12:36:02', '1987-01-23 01:08:22');
INSERT INTO `likes_media` (`user_id`, `media_id`, `created_at`, `updated_at`) VALUES (29, 9, '1975-01-13 10:20:01', '2005-05-26 14:05:12');
INSERT INTO `likes_media` (`user_id`, `media_id`, `created_at`, `updated_at`) VALUES (30, 10, '2016-03-28 18:29:12', '2011-03-24 13:37:09');
INSERT INTO `likes_media` (`user_id`, `media_id`, `created_at`, `updated_at`) VALUES (31, 1, '1985-03-04 01:08:19', '2009-06-23 19:22:30');
INSERT INTO `likes_media` (`user_id`, `media_id`, `created_at`, `updated_at`) VALUES (32, 2, '1991-08-17 22:18:54', '2000-11-13 03:05:58');
INSERT INTO `likes_media` (`user_id`, `media_id`, `created_at`, `updated_at`) VALUES (33, 3, '1987-06-30 04:27:57', '1999-07-06 11:40:20');
INSERT INTO `likes_media` (`user_id`, `media_id`, `created_at`, `updated_at`) VALUES (34, 4, '1971-05-04 10:11:04', '1986-11-03 11:48:43');
INSERT INTO `likes_media` (`user_id`, `media_id`, `created_at`, `updated_at`) VALUES (35, 5, '1989-07-09 01:36:26', '2018-04-16 15:18:25');
INSERT INTO `likes_media` (`user_id`, `media_id`, `created_at`, `updated_at`) VALUES (36, 6, '2000-11-04 18:49:51', '1992-11-03 21:25:20');
INSERT INTO `likes_media` (`user_id`, `media_id`, `created_at`, `updated_at`) VALUES (37, 7, '2012-06-22 04:18:25', '2018-05-29 20:30:39');
INSERT INTO `likes_media` (`user_id`, `media_id`, `created_at`, `updated_at`) VALUES (38, 8, '1983-01-29 06:31:37', '2005-10-28 08:22:22');
INSERT INTO `likes_media` (`user_id`, `media_id`, `created_at`, `updated_at`) VALUES (39, 9, '2015-03-22 18:06:37', '1991-08-04 15:26:07');
INSERT INTO `likes_media` (`user_id`, `media_id`, `created_at`, `updated_at`) VALUES (40, 10, '2003-04-18 10:29:00', '2013-03-19 14:45:32');
INSERT INTO `likes_media` (`user_id`, `media_id`, `created_at`, `updated_at`) VALUES (41, 1, '1995-11-12 21:13:57', '2021-06-06 07:41:49');
INSERT INTO `likes_media` (`user_id`, `media_id`, `created_at`, `updated_at`) VALUES (42, 2, '1974-03-27 14:15:24', '2016-12-24 12:12:36');
INSERT INTO `likes_media` (`user_id`, `media_id`, `created_at`, `updated_at`) VALUES (43, 3, '1976-07-26 22:54:12', '1973-04-29 17:35:48');
INSERT INTO `likes_media` (`user_id`, `media_id`, `created_at`, `updated_at`) VALUES (44, 4, '2003-04-07 18:03:37', '1991-09-01 06:43:52');
INSERT INTO `likes_media` (`user_id`, `media_id`, `created_at`, `updated_at`) VALUES (45, 5, '1990-07-25 22:48:52', '1977-07-31 10:50:14');
INSERT INTO `likes_media` (`user_id`, `media_id`, `created_at`, `updated_at`) VALUES (46, 6, '1993-05-24 09:13:38', '2008-11-24 19:53:49');
INSERT INTO `likes_media` (`user_id`, `media_id`, `created_at`, `updated_at`) VALUES (47, 7, '1973-01-17 23:36:12', '1990-12-23 15:51:32');
INSERT INTO `likes_media` (`user_id`, `media_id`, `created_at`, `updated_at`) VALUES (48, 8, '1986-08-06 16:20:46', '2003-11-26 14:28:57');
INSERT INTO `likes_media` (`user_id`, `media_id`, `created_at`, `updated_at`) VALUES (49, 9, '1976-07-23 03:03:25', '1999-12-01 16:11:09');
INSERT INTO `likes_media` (`user_id`, `media_id`, `created_at`, `updated_at`) VALUES (50, 10, '2018-11-20 00:50:38', '1985-12-25 08:49:59');
INSERT INTO `likes_media` (`user_id`, `media_id`, `created_at`, `updated_at`) VALUES (51, 1, '2003-02-05 10:59:00', '2008-11-16 06:53:39');
INSERT INTO `likes_media` (`user_id`, `media_id`, `created_at`, `updated_at`) VALUES (52, 2, '1985-10-25 00:29:02', '1976-08-13 07:14:08');
INSERT INTO `likes_media` (`user_id`, `media_id`, `created_at`, `updated_at`) VALUES (53, 3, '1994-07-27 20:56:04', '1983-05-29 20:34:16');
INSERT INTO `likes_media` (`user_id`, `media_id`, `created_at`, `updated_at`) VALUES (54, 4, '1993-01-27 17:14:33', '2021-01-18 21:14:53');
INSERT INTO `likes_media` (`user_id`, `media_id`, `created_at`, `updated_at`) VALUES (55, 5, '1972-03-16 13:45:43', '2002-02-23 18:50:15');
INSERT INTO `likes_media` (`user_id`, `media_id`, `created_at`, `updated_at`) VALUES (56, 6, '1982-08-31 15:37:29', '2016-02-12 09:26:34');
INSERT INTO `likes_media` (`user_id`, `media_id`, `created_at`, `updated_at`) VALUES (57, 7, '1982-07-30 02:17:47', '1998-11-18 23:01:06');
INSERT INTO `likes_media` (`user_id`, `media_id`, `created_at`, `updated_at`) VALUES (58, 8, '1990-03-29 15:56:56', '2018-05-09 09:24:20');
INSERT INTO `likes_media` (`user_id`, `media_id`, `created_at`, `updated_at`) VALUES (59, 9, '1989-03-15 21:23:41', '1977-10-31 19:41:44');
INSERT INTO `likes_media` (`user_id`, `media_id`, `created_at`, `updated_at`) VALUES (60, 10, '2015-05-06 12:48:19', '2010-08-30 08:25:13');
INSERT INTO `likes_media` (`user_id`, `media_id`, `created_at`, `updated_at`) VALUES (61, 1, '1979-09-08 23:15:58', '2008-02-23 07:03:11');
INSERT INTO `likes_media` (`user_id`, `media_id`, `created_at`, `updated_at`) VALUES (62, 2, '2018-09-06 00:35:54', '1972-01-22 11:13:26');
INSERT INTO `likes_media` (`user_id`, `media_id`, `created_at`, `updated_at`) VALUES (63, 3, '1992-10-10 09:37:26', '1984-11-26 06:35:03');
INSERT INTO `likes_media` (`user_id`, `media_id`, `created_at`, `updated_at`) VALUES (64, 4, '1990-07-05 05:43:53', '2013-12-31 02:43:10');
INSERT INTO `likes_media` (`user_id`, `media_id`, `created_at`, `updated_at`) VALUES (65, 5, '1991-08-20 12:31:07', '1991-12-25 14:50:50');
INSERT INTO `likes_media` (`user_id`, `media_id`, `created_at`, `updated_at`) VALUES (66, 6, '1996-05-28 17:11:46', '1989-11-18 03:19:01');
INSERT INTO `likes_media` (`user_id`, `media_id`, `created_at`, `updated_at`) VALUES (67, 7, '1983-11-02 12:12:03', '1979-06-28 14:46:10');
INSERT INTO `likes_media` (`user_id`, `media_id`, `created_at`, `updated_at`) VALUES (68, 8, '1984-09-07 20:52:45', '2015-07-28 16:59:39');
INSERT INTO `likes_media` (`user_id`, `media_id`, `created_at`, `updated_at`) VALUES (69, 9, '1982-09-20 17:08:31', '1995-01-06 16:59:42');
INSERT INTO `likes_media` (`user_id`, `media_id`, `created_at`, `updated_at`) VALUES (70, 10, '1993-03-12 06:25:11', '1999-02-24 01:32:50');
INSERT INTO `likes_media` (`user_id`, `media_id`, `created_at`, `updated_at`) VALUES (71, 1, '2018-05-31 19:16:10', '1995-06-03 21:49:37');
INSERT INTO `likes_media` (`user_id`, `media_id`, `created_at`, `updated_at`) VALUES (72, 2, '2019-11-26 19:39:30', '2004-11-18 13:39:40');
INSERT INTO `likes_media` (`user_id`, `media_id`, `created_at`, `updated_at`) VALUES (73, 3, '2000-09-24 03:49:10', '1993-02-28 11:56:40');
INSERT INTO `likes_media` (`user_id`, `media_id`, `created_at`, `updated_at`) VALUES (74, 4, '1992-01-29 09:12:02', '1984-03-17 10:21:56');
INSERT INTO `likes_media` (`user_id`, `media_id`, `created_at`, `updated_at`) VALUES (75, 5, '1975-02-22 13:32:18', '1989-02-03 12:14:50');
INSERT INTO `likes_media` (`user_id`, `media_id`, `created_at`, `updated_at`) VALUES (76, 6, '2010-02-19 01:56:11', '2001-02-11 22:33:37');
INSERT INTO `likes_media` (`user_id`, `media_id`, `created_at`, `updated_at`) VALUES (77, 7, '2012-11-24 01:43:52', '1977-08-26 22:49:48');
INSERT INTO `likes_media` (`user_id`, `media_id`, `created_at`, `updated_at`) VALUES (78, 8, '1974-07-10 17:46:54', '2019-05-24 18:04:34');
INSERT INTO `likes_media` (`user_id`, `media_id`, `created_at`, `updated_at`) VALUES (79, 9, '2009-10-30 16:25:41', '1993-12-17 10:06:43');
INSERT INTO `likes_media` (`user_id`, `media_id`, `created_at`, `updated_at`) VALUES (80, 10, '1992-01-17 10:30:34', '2019-04-01 19:22:33');
INSERT INTO `likes_media` (`user_id`, `media_id`, `created_at`, `updated_at`) VALUES (81, 1, '1970-07-29 05:25:53', '1987-11-11 10:30:48');
INSERT INTO `likes_media` (`user_id`, `media_id`, `created_at`, `updated_at`) VALUES (82, 2, '2017-10-10 19:46:43', '1977-03-13 23:02:38');
INSERT INTO `likes_media` (`user_id`, `media_id`, `created_at`, `updated_at`) VALUES (83, 3, '2019-08-30 11:13:25', '2016-10-27 16:10:44');
INSERT INTO `likes_media` (`user_id`, `media_id`, `created_at`, `updated_at`) VALUES (84, 4, '1974-10-05 07:37:54', '2010-09-28 14:22:20');
INSERT INTO `likes_media` (`user_id`, `media_id`, `created_at`, `updated_at`) VALUES (85, 5, '1976-09-04 16:04:36', '2010-03-21 12:51:14');
INSERT INTO `likes_media` (`user_id`, `media_id`, `created_at`, `updated_at`) VALUES (86, 6, '1979-09-05 08:39:18', '1988-01-30 22:26:35');
INSERT INTO `likes_media` (`user_id`, `media_id`, `created_at`, `updated_at`) VALUES (87, 7, '2021-03-20 18:53:08', '1996-04-15 18:15:11');
INSERT INTO `likes_media` (`user_id`, `media_id`, `created_at`, `updated_at`) VALUES (88, 8, '1987-10-26 14:35:31', '1994-04-16 21:19:56');
INSERT INTO `likes_media` (`user_id`, `media_id`, `created_at`, `updated_at`) VALUES (89, 9, '2018-11-24 14:26:23', '2003-06-29 16:05:19');
INSERT INTO `likes_media` (`user_id`, `media_id`, `created_at`, `updated_at`) VALUES (90, 10, '1992-07-17 14:53:32', '1988-05-29 17:12:13');
INSERT INTO `likes_media` (`user_id`, `media_id`, `created_at`, `updated_at`) VALUES (91, 1, '1998-12-29 19:32:39', '2014-01-21 16:45:10');
INSERT INTO `likes_media` (`user_id`, `media_id`, `created_at`, `updated_at`) VALUES (92, 2, '2007-07-04 08:10:35', '2016-12-10 17:42:54');
INSERT INTO `likes_media` (`user_id`, `media_id`, `created_at`, `updated_at`) VALUES (93, 3, '1984-07-23 21:23:00', '2017-11-22 23:05:14');
INSERT INTO `likes_media` (`user_id`, `media_id`, `created_at`, `updated_at`) VALUES (94, 4, '2018-08-14 13:50:57', '1988-04-15 01:29:50');
INSERT INTO `likes_media` (`user_id`, `media_id`, `created_at`, `updated_at`) VALUES (95, 5, '1997-01-02 21:06:47', '1997-03-24 09:18:19');
INSERT INTO `likes_media` (`user_id`, `media_id`, `created_at`, `updated_at`) VALUES (96, 6, '1997-04-05 12:26:14', '1975-11-05 09:23:03');
INSERT INTO `likes_media` (`user_id`, `media_id`, `created_at`, `updated_at`) VALUES (97, 7, '1998-08-06 01:17:05', '2020-02-16 14:49:10');
INSERT INTO `likes_media` (`user_id`, `media_id`, `created_at`, `updated_at`) VALUES (98, 8, '1996-05-03 20:28:12', '2001-07-25 23:54:26');
INSERT INTO `likes_media` (`user_id`, `media_id`, `created_at`, `updated_at`) VALUES (99, 9, '1975-10-31 20:21:04', '1987-01-12 16:32:51');
INSERT INTO `likes_media` (`user_id`, `media_id`, `created_at`, `updated_at`) VALUES (100, 10, '1984-01-10 06:05:07', '1975-04-19 12:43:28');



INSERT INTO `likes_posts` (`user_id`, `post_id`, `created_at`, `updated_at`) VALUES (1, 1, '2021-05-21 20:09:03', '1981-01-18 21:43:48');
INSERT INTO `likes_posts` (`user_id`, `post_id`, `created_at`, `updated_at`) VALUES (2, 2, '2013-01-06 02:36:33', '2002-03-08 13:13:41');
INSERT INTO `likes_posts` (`user_id`, `post_id`, `created_at`, `updated_at`) VALUES (3, 3, '2005-05-23 05:03:06', '2004-08-29 03:14:24');
INSERT INTO `likes_posts` (`user_id`, `post_id`, `created_at`, `updated_at`) VALUES (4, 4, '2018-08-13 16:24:44', '1983-04-16 01:43:00');
INSERT INTO `likes_posts` (`user_id`, `post_id`, `created_at`, `updated_at`) VALUES (5, 5, '1990-12-23 15:22:08', '1999-05-27 05:56:00');
INSERT INTO `likes_posts` (`user_id`, `post_id`, `created_at`, `updated_at`) VALUES (6, 6, '1995-07-06 13:05:10', '2015-02-07 09:40:36');
INSERT INTO `likes_posts` (`user_id`, `post_id`, `created_at`, `updated_at`) VALUES (7, 7, '2016-06-05 04:51:05', '2001-07-07 13:33:30');
INSERT INTO `likes_posts` (`user_id`, `post_id`, `created_at`, `updated_at`) VALUES (8, 8, '2012-01-25 02:10:13', '1976-04-15 16:59:03');
INSERT INTO `likes_posts` (`user_id`, `post_id`, `created_at`, `updated_at`) VALUES (9, 9, '1976-01-21 08:53:30', '1981-09-20 18:53:54');
INSERT INTO `likes_posts` (`user_id`, `post_id`, `created_at`, `updated_at`) VALUES (10, 10, '1975-12-19 08:57:56', '2014-02-21 02:34:03');
INSERT INTO `likes_posts` (`user_id`, `post_id`, `created_at`, `updated_at`) VALUES (11, 11, '1981-11-27 02:40:51', '1988-09-12 00:54:09');
INSERT INTO `likes_posts` (`user_id`, `post_id`, `created_at`, `updated_at`) VALUES (12, 12, '2003-05-11 22:37:29', '1999-08-08 08:00:49');
INSERT INTO `likes_posts` (`user_id`, `post_id`, `created_at`, `updated_at`) VALUES (13, 13, '1988-03-08 03:34:51', '1984-03-15 02:29:45');
INSERT INTO `likes_posts` (`user_id`, `post_id`, `created_at`, `updated_at`) VALUES (14, 14, '1994-09-29 22:52:56', '1988-10-05 22:48:43');
INSERT INTO `likes_posts` (`user_id`, `post_id`, `created_at`, `updated_at`) VALUES (15, 15, '1977-02-22 23:40:46', '2015-10-24 16:56:41');
INSERT INTO `likes_posts` (`user_id`, `post_id`, `created_at`, `updated_at`) VALUES (16, 16, '2019-03-13 17:42:10', '1970-07-16 08:50:01');
INSERT INTO `likes_posts` (`user_id`, `post_id`, `created_at`, `updated_at`) VALUES (17, 17, '1981-06-16 22:12:42', '2017-09-06 14:12:11');
INSERT INTO `likes_posts` (`user_id`, `post_id`, `created_at`, `updated_at`) VALUES (18, 18, '2016-04-28 03:55:43', '2004-04-04 17:57:27');
INSERT INTO `likes_posts` (`user_id`, `post_id`, `created_at`, `updated_at`) VALUES (19, 19, '2017-09-26 21:09:53', '1985-01-26 10:58:07');
INSERT INTO `likes_posts` (`user_id`, `post_id`, `created_at`, `updated_at`) VALUES (20, 20, '1973-08-21 11:16:17', '1973-12-27 00:11:46');
INSERT INTO `likes_posts` (`user_id`, `post_id`, `created_at`, `updated_at`) VALUES (21, 21, '1980-03-14 07:56:12', '1987-01-07 21:27:15');
INSERT INTO `likes_posts` (`user_id`, `post_id`, `created_at`, `updated_at`) VALUES (22, 22, '1972-03-19 08:43:54', '1983-10-12 08:56:51');
INSERT INTO `likes_posts` (`user_id`, `post_id`, `created_at`, `updated_at`) VALUES (23, 23, '2011-01-01 09:24:40', '1996-12-14 14:34:37');
INSERT INTO `likes_posts` (`user_id`, `post_id`, `created_at`, `updated_at`) VALUES (24, 24, '1993-11-11 03:32:07', '2017-07-23 19:31:50');
INSERT INTO `likes_posts` (`user_id`, `post_id`, `created_at`, `updated_at`) VALUES (25, 25, '2000-04-10 19:43:10', '1983-07-08 06:44:07');
INSERT INTO `likes_posts` (`user_id`, `post_id`, `created_at`, `updated_at`) VALUES (26, 26, '1983-12-06 03:09:05', '2016-03-06 02:44:47');
INSERT INTO `likes_posts` (`user_id`, `post_id`, `created_at`, `updated_at`) VALUES (27, 27, '1986-05-31 09:24:14', '2001-04-21 14:08:03');
INSERT INTO `likes_posts` (`user_id`, `post_id`, `created_at`, `updated_at`) VALUES (28, 28, '1988-10-01 20:03:28', '1991-12-17 17:57:04');
INSERT INTO `likes_posts` (`user_id`, `post_id`, `created_at`, `updated_at`) VALUES (29, 29, '1999-11-06 14:13:28', '2002-06-29 07:06:00');
INSERT INTO `likes_posts` (`user_id`, `post_id`, `created_at`, `updated_at`) VALUES (30, 30, '1982-09-08 23:54:38', '1994-01-14 11:48:28');
INSERT INTO `likes_posts` (`user_id`, `post_id`, `created_at`, `updated_at`) VALUES (31, 31, '1995-06-06 17:13:24', '2009-07-18 23:21:12');
INSERT INTO `likes_posts` (`user_id`, `post_id`, `created_at`, `updated_at`) VALUES (32, 32, '1990-09-22 04:14:18', '1999-08-26 09:55:52');
INSERT INTO `likes_posts` (`user_id`, `post_id`, `created_at`, `updated_at`) VALUES (33, 33, '1988-12-05 21:44:40', '1981-10-23 05:59:26');
INSERT INTO `likes_posts` (`user_id`, `post_id`, `created_at`, `updated_at`) VALUES (34, 34, '2001-09-13 04:24:30', '1981-05-13 12:20:57');
INSERT INTO `likes_posts` (`user_id`, `post_id`, `created_at`, `updated_at`) VALUES (35, 35, '2017-03-21 05:28:50', '1972-09-21 14:35:13');
INSERT INTO `likes_posts` (`user_id`, `post_id`, `created_at`, `updated_at`) VALUES (36, 36, '1990-02-22 14:16:51', '2000-07-26 07:25:50');
INSERT INTO `likes_posts` (`user_id`, `post_id`, `created_at`, `updated_at`) VALUES (37, 37, '1986-08-01 18:05:24', '2009-02-22 10:27:45');
INSERT INTO `likes_posts` (`user_id`, `post_id`, `created_at`, `updated_at`) VALUES (38, 38, '2017-06-04 07:19:16', '2004-04-15 05:57:56');
INSERT INTO `likes_posts` (`user_id`, `post_id`, `created_at`, `updated_at`) VALUES (39, 39, '1976-10-17 09:03:06', '1977-12-11 01:30:49');
INSERT INTO `likes_posts` (`user_id`, `post_id`, `created_at`, `updated_at`) VALUES (40, 40, '1986-07-24 06:44:23', '1975-09-30 14:10:31');
INSERT INTO `likes_posts` (`user_id`, `post_id`, `created_at`, `updated_at`) VALUES (41, 41, '2011-09-25 20:08:58', '1976-01-10 11:54:33');
INSERT INTO `likes_posts` (`user_id`, `post_id`, `created_at`, `updated_at`) VALUES (42, 42, '2009-04-20 01:04:42', '2001-09-11 17:32:11');
INSERT INTO `likes_posts` (`user_id`, `post_id`, `created_at`, `updated_at`) VALUES (43, 43, '1990-03-29 11:52:48', '2006-01-30 22:15:18');
INSERT INTO `likes_posts` (`user_id`, `post_id`, `created_at`, `updated_at`) VALUES (44, 44, '1989-11-13 08:19:01', '1974-06-15 19:38:41');
INSERT INTO `likes_posts` (`user_id`, `post_id`, `created_at`, `updated_at`) VALUES (45, 45, '1986-10-23 19:10:16', '2002-12-25 04:04:41');
INSERT INTO `likes_posts` (`user_id`, `post_id`, `created_at`, `updated_at`) VALUES (46, 46, '1996-06-24 10:15:23', '1985-10-10 11:36:06');
INSERT INTO `likes_posts` (`user_id`, `post_id`, `created_at`, `updated_at`) VALUES (47, 47, '1992-06-21 08:41:01', '1979-11-11 02:08:07');
INSERT INTO `likes_posts` (`user_id`, `post_id`, `created_at`, `updated_at`) VALUES (48, 48, '1982-09-29 23:20:08', '1998-06-03 11:31:39');
INSERT INTO `likes_posts` (`user_id`, `post_id`, `created_at`, `updated_at`) VALUES (49, 49, '1988-08-13 13:47:57', '1991-12-22 15:20:11');
INSERT INTO `likes_posts` (`user_id`, `post_id`, `created_at`, `updated_at`) VALUES (50, 50, '1986-11-04 23:46:49', '1986-07-12 16:57:25');
INSERT INTO `likes_posts` (`user_id`, `post_id`, `created_at`, `updated_at`) VALUES (51, 51, '2015-10-08 23:05:16', '1988-03-16 16:16:21');
INSERT INTO `likes_posts` (`user_id`, `post_id`, `created_at`, `updated_at`) VALUES (52, 52, '2017-06-08 05:49:43', '1985-06-14 23:34:06');
INSERT INTO `likes_posts` (`user_id`, `post_id`, `created_at`, `updated_at`) VALUES (53, 53, '2009-06-13 09:23:07', '2014-07-27 14:34:27');
INSERT INTO `likes_posts` (`user_id`, `post_id`, `created_at`, `updated_at`) VALUES (54, 54, '2013-04-13 21:24:54', '2020-03-31 09:47:45');
INSERT INTO `likes_posts` (`user_id`, `post_id`, `created_at`, `updated_at`) VALUES (55, 55, '1986-10-18 06:47:10', '1998-06-18 18:13:30');
INSERT INTO `likes_posts` (`user_id`, `post_id`, `created_at`, `updated_at`) VALUES (56, 56, '1991-07-07 01:30:16', '1988-10-03 05:11:58');
INSERT INTO `likes_posts` (`user_id`, `post_id`, `created_at`, `updated_at`) VALUES (57, 57, '1978-08-18 13:53:03', '1994-12-19 12:49:07');
INSERT INTO `likes_posts` (`user_id`, `post_id`, `created_at`, `updated_at`) VALUES (58, 58, '1998-03-26 06:13:54', '1973-03-22 08:45:48');
INSERT INTO `likes_posts` (`user_id`, `post_id`, `created_at`, `updated_at`) VALUES (59, 59, '1998-07-24 16:46:25', '2008-10-10 10:19:42');
INSERT INTO `likes_posts` (`user_id`, `post_id`, `created_at`, `updated_at`) VALUES (60, 60, '1996-03-24 05:45:02', '2007-11-02 20:11:43');
INSERT INTO `likes_posts` (`user_id`, `post_id`, `created_at`, `updated_at`) VALUES (61, 61, '2010-11-12 10:45:41', '1983-05-23 13:48:48');
INSERT INTO `likes_posts` (`user_id`, `post_id`, `created_at`, `updated_at`) VALUES (62, 62, '1972-10-30 13:17:21', '2018-01-25 14:03:23');
INSERT INTO `likes_posts` (`user_id`, `post_id`, `created_at`, `updated_at`) VALUES (63, 63, '1995-07-21 22:29:56', '1995-11-08 06:14:45');
INSERT INTO `likes_posts` (`user_id`, `post_id`, `created_at`, `updated_at`) VALUES (64, 64, '1998-03-26 21:46:49', '2005-07-12 10:10:40');
INSERT INTO `likes_posts` (`user_id`, `post_id`, `created_at`, `updated_at`) VALUES (65, 65, '1971-02-15 05:13:11', '2006-05-06 23:47:26');
INSERT INTO `likes_posts` (`user_id`, `post_id`, `created_at`, `updated_at`) VALUES (66, 66, '1984-06-14 08:24:49', '2021-06-25 12:01:12');
INSERT INTO `likes_posts` (`user_id`, `post_id`, `created_at`, `updated_at`) VALUES (67, 67, '2016-06-24 21:54:09', '1973-08-06 04:00:52');
INSERT INTO `likes_posts` (`user_id`, `post_id`, `created_at`, `updated_at`) VALUES (68, 68, '1977-06-25 15:24:02', '1972-08-19 18:45:41');
INSERT INTO `likes_posts` (`user_id`, `post_id`, `created_at`, `updated_at`) VALUES (69, 69, '2017-12-10 23:47:46', '1974-06-04 13:45:10');
INSERT INTO `likes_posts` (`user_id`, `post_id`, `created_at`, `updated_at`) VALUES (70, 70, '1997-10-17 03:34:12', '1992-09-03 11:21:57');
INSERT INTO `likes_posts` (`user_id`, `post_id`, `created_at`, `updated_at`) VALUES (71, 71, '1995-05-15 22:09:50', '1989-06-30 03:29:48');
INSERT INTO `likes_posts` (`user_id`, `post_id`, `created_at`, `updated_at`) VALUES (72, 72, '1980-12-19 16:04:27', '1991-04-09 05:19:57');
INSERT INTO `likes_posts` (`user_id`, `post_id`, `created_at`, `updated_at`) VALUES (73, 73, '1976-06-20 13:18:05', '2020-06-03 20:15:43');
INSERT INTO `likes_posts` (`user_id`, `post_id`, `created_at`, `updated_at`) VALUES (74, 74, '1979-03-22 10:51:24', '1985-06-05 04:42:14');
INSERT INTO `likes_posts` (`user_id`, `post_id`, `created_at`, `updated_at`) VALUES (75, 75, '2010-10-18 02:07:19', '1980-07-10 11:56:59');
INSERT INTO `likes_posts` (`user_id`, `post_id`, `created_at`, `updated_at`) VALUES (76, 76, '2012-12-31 07:15:42', '2008-11-02 18:55:28');
INSERT INTO `likes_posts` (`user_id`, `post_id`, `created_at`, `updated_at`) VALUES (77, 77, '2009-02-15 08:09:55', '1974-07-26 18:52:00');
INSERT INTO `likes_posts` (`user_id`, `post_id`, `created_at`, `updated_at`) VALUES (78, 78, '1977-05-10 04:40:44', '2017-06-19 12:51:18');
INSERT INTO `likes_posts` (`user_id`, `post_id`, `created_at`, `updated_at`) VALUES (79, 79, '1975-08-29 11:55:15', '2019-06-16 18:03:27');
INSERT INTO `likes_posts` (`user_id`, `post_id`, `created_at`, `updated_at`) VALUES (80, 80, '1987-03-12 21:17:55', '1976-04-22 05:55:59');
INSERT INTO `likes_posts` (`user_id`, `post_id`, `created_at`, `updated_at`) VALUES (81, 81, '1970-11-05 22:13:38', '1980-08-28 20:08:46');
INSERT INTO `likes_posts` (`user_id`, `post_id`, `created_at`, `updated_at`) VALUES (82, 82, '2020-12-31 20:41:32', '2017-07-30 12:00:35');
INSERT INTO `likes_posts` (`user_id`, `post_id`, `created_at`, `updated_at`) VALUES (83, 83, '2019-06-10 20:01:20', '2020-02-15 23:14:01');
INSERT INTO `likes_posts` (`user_id`, `post_id`, `created_at`, `updated_at`) VALUES (84, 84, '2019-08-31 20:57:55', '1981-04-01 20:33:07');
INSERT INTO `likes_posts` (`user_id`, `post_id`, `created_at`, `updated_at`) VALUES (85, 85, '2005-01-15 03:57:31', '1989-07-30 12:11:12');
INSERT INTO `likes_posts` (`user_id`, `post_id`, `created_at`, `updated_at`) VALUES (86, 86, '1993-03-19 13:12:36', '1993-04-13 04:31:52');
INSERT INTO `likes_posts` (`user_id`, `post_id`, `created_at`, `updated_at`) VALUES (87, 87, '1974-10-15 06:40:13', '2010-03-10 10:57:03');
INSERT INTO `likes_posts` (`user_id`, `post_id`, `created_at`, `updated_at`) VALUES (88, 88, '1988-10-19 03:52:23', '1987-06-23 23:59:49');
INSERT INTO `likes_posts` (`user_id`, `post_id`, `created_at`, `updated_at`) VALUES (89, 89, '1994-12-04 17:32:48', '1978-10-26 02:08:24');
INSERT INTO `likes_posts` (`user_id`, `post_id`, `created_at`, `updated_at`) VALUES (90, 90, '1995-03-05 18:17:17', '1979-08-31 15:01:58');
INSERT INTO `likes_posts` (`user_id`, `post_id`, `created_at`, `updated_at`) VALUES (91, 91, '1997-04-05 20:51:23', '1986-05-31 12:46:27');
INSERT INTO `likes_posts` (`user_id`, `post_id`, `created_at`, `updated_at`) VALUES (92, 92, '1991-06-20 06:42:40', '1980-11-15 18:42:03');
INSERT INTO `likes_posts` (`user_id`, `post_id`, `created_at`, `updated_at`) VALUES (93, 93, '1979-12-04 18:25:56', '1989-07-25 00:54:49');
INSERT INTO `likes_posts` (`user_id`, `post_id`, `created_at`, `updated_at`) VALUES (94, 94, '2015-05-19 03:26:34', '1994-11-24 15:20:13');
INSERT INTO `likes_posts` (`user_id`, `post_id`, `created_at`, `updated_at`) VALUES (95, 95, '1983-07-05 19:50:34', '2008-10-08 23:46:53');
INSERT INTO `likes_posts` (`user_id`, `post_id`, `created_at`, `updated_at`) VALUES (96, 96, '1989-07-06 07:15:44', '1975-07-03 11:51:36');
INSERT INTO `likes_posts` (`user_id`, `post_id`, `created_at`, `updated_at`) VALUES (97, 97, '1987-01-15 13:50:39', '1982-05-07 10:15:47');
INSERT INTO `likes_posts` (`user_id`, `post_id`, `created_at`, `updated_at`) VALUES (98, 98, '2004-09-21 12:54:24', '2006-12-24 22:57:00');
INSERT INTO `likes_posts` (`user_id`, `post_id`, `created_at`, `updated_at`) VALUES (99, 99, '1999-01-01 05:22:16', '1997-04-06 18:55:08');
INSERT INTO `likes_posts` (`user_id`, `post_id`, `created_at`, `updated_at`) VALUES (100, 100, '2019-02-20 12:24:18', '2004-12-29 17:23:01');

UPDATE likes_posts SET
	user_id = FLOOR(1 + RAND() * 100),
    post_id = FLOOR(1 + RAND() * 100) 
     WHERE post_id < 200;

INSERT INTO `likes_users` (`setter_user_id`, `getter_user_id`, `created_at`, `updated_at`) VALUES (1, 1, '1999-06-11 02:32:05', '1985-07-27 02:32:47');
INSERT INTO `likes_users` (`setter_user_id`, `getter_user_id`, `created_at`, `updated_at`) VALUES (2, 2, '2001-02-21 04:37:56', '1989-01-29 07:45:04');
INSERT INTO `likes_users` (`setter_user_id`, `getter_user_id`, `created_at`, `updated_at`) VALUES (3, 3, '2003-10-24 04:15:16', '1980-12-03 05:26:55');
INSERT INTO `likes_users` (`setter_user_id`, `getter_user_id`, `created_at`, `updated_at`) VALUES (4, 4, '2011-09-30 23:05:09', '2005-12-16 01:51:11');
INSERT INTO `likes_users` (`setter_user_id`, `getter_user_id`, `created_at`, `updated_at`) VALUES (5, 5, '2020-09-01 18:31:58', '2014-01-29 20:08:54');
INSERT INTO `likes_users` (`setter_user_id`, `getter_user_id`, `created_at`, `updated_at`) VALUES (6, 6, '2017-11-13 04:15:49', '1975-12-09 05:55:54');
INSERT INTO `likes_users` (`setter_user_id`, `getter_user_id`, `created_at`, `updated_at`) VALUES (7, 7, '2018-04-28 00:42:54', '1985-05-24 19:34:23');
INSERT INTO `likes_users` (`setter_user_id`, `getter_user_id`, `created_at`, `updated_at`) VALUES (8, 8, '1994-05-04 11:43:11', '1990-06-06 01:29:40');
INSERT INTO `likes_users` (`setter_user_id`, `getter_user_id`, `created_at`, `updated_at`) VALUES (9, 9, '2009-01-30 18:46:30', '1993-01-24 18:34:03');
INSERT INTO `likes_users` (`setter_user_id`, `getter_user_id`, `created_at`, `updated_at`) VALUES (10, 10, '1986-02-25 04:16:13', '1978-03-15 23:45:59');
INSERT INTO `likes_users` (`setter_user_id`, `getter_user_id`, `created_at`, `updated_at`) VALUES (11, 11, '1999-02-04 19:35:19', '2021-02-25 04:50:05');
INSERT INTO `likes_users` (`setter_user_id`, `getter_user_id`, `created_at`, `updated_at`) VALUES (12, 12, '1981-01-04 06:31:01', '1971-06-20 16:37:42');
INSERT INTO `likes_users` (`setter_user_id`, `getter_user_id`, `created_at`, `updated_at`) VALUES (13, 13, '1977-08-05 04:46:38', '2004-03-26 21:58:09');
INSERT INTO `likes_users` (`setter_user_id`, `getter_user_id`, `created_at`, `updated_at`) VALUES (14, 14, '2021-07-15 08:18:53', '2010-12-15 18:00:23');
INSERT INTO `likes_users` (`setter_user_id`, `getter_user_id`, `created_at`, `updated_at`) VALUES (15, 15, '2011-03-21 12:31:53', '2010-05-21 20:22:29');
INSERT INTO `likes_users` (`setter_user_id`, `getter_user_id`, `created_at`, `updated_at`) VALUES (16, 16, '2008-10-05 15:21:28', '1995-08-15 20:40:08');
INSERT INTO `likes_users` (`setter_user_id`, `getter_user_id`, `created_at`, `updated_at`) VALUES (17, 17, '1978-05-27 01:17:59', '2013-06-01 01:36:08');
INSERT INTO `likes_users` (`setter_user_id`, `getter_user_id`, `created_at`, `updated_at`) VALUES (18, 18, '2010-12-22 16:47:23', '2007-04-02 22:17:01');
INSERT INTO `likes_users` (`setter_user_id`, `getter_user_id`, `created_at`, `updated_at`) VALUES (19, 19, '1982-03-18 19:26:56', '1993-03-22 10:18:03');
INSERT INTO `likes_users` (`setter_user_id`, `getter_user_id`, `created_at`, `updated_at`) VALUES (20, 20, '2017-02-11 02:26:12', '1989-02-27 03:37:53');
INSERT INTO `likes_users` (`setter_user_id`, `getter_user_id`, `created_at`, `updated_at`) VALUES (21, 21, '2009-09-26 14:16:07', '1994-03-27 14:33:28');
INSERT INTO `likes_users` (`setter_user_id`, `getter_user_id`, `created_at`, `updated_at`) VALUES (22, 22, '2015-01-10 19:42:30', '1995-01-13 03:15:24');
INSERT INTO `likes_users` (`setter_user_id`, `getter_user_id`, `created_at`, `updated_at`) VALUES (23, 23, '1974-12-11 04:35:19', '1989-10-06 00:11:01');
INSERT INTO `likes_users` (`setter_user_id`, `getter_user_id`, `created_at`, `updated_at`) VALUES (24, 24, '2002-06-12 23:16:16', '1992-03-20 22:21:48');
INSERT INTO `likes_users` (`setter_user_id`, `getter_user_id`, `created_at`, `updated_at`) VALUES (25, 25, '2018-08-18 02:20:02', '1988-03-10 07:41:15');
INSERT INTO `likes_users` (`setter_user_id`, `getter_user_id`, `created_at`, `updated_at`) VALUES (26, 26, '2000-03-11 15:49:26', '1980-07-01 02:39:16');
INSERT INTO `likes_users` (`setter_user_id`, `getter_user_id`, `created_at`, `updated_at`) VALUES (27, 27, '2001-02-27 15:11:13', '1981-05-25 19:49:36');
INSERT INTO `likes_users` (`setter_user_id`, `getter_user_id`, `created_at`, `updated_at`) VALUES (28, 28, '1991-03-30 12:58:12', '2019-12-03 01:22:35');
INSERT INTO `likes_users` (`setter_user_id`, `getter_user_id`, `created_at`, `updated_at`) VALUES (29, 29, '1993-07-03 07:42:08', '2008-11-03 23:44:01');
INSERT INTO `likes_users` (`setter_user_id`, `getter_user_id`, `created_at`, `updated_at`) VALUES (30, 30, '1990-09-09 18:26:38', '1972-08-04 07:28:10');
INSERT INTO `likes_users` (`setter_user_id`, `getter_user_id`, `created_at`, `updated_at`) VALUES (31, 31, '2006-02-09 01:59:26', '1988-01-12 03:14:24');
INSERT INTO `likes_users` (`setter_user_id`, `getter_user_id`, `created_at`, `updated_at`) VALUES (32, 32, '1984-03-13 21:39:07', '1982-10-20 07:35:47');
INSERT INTO `likes_users` (`setter_user_id`, `getter_user_id`, `created_at`, `updated_at`) VALUES (33, 33, '1970-11-04 16:41:42', '1973-07-14 07:09:11');
INSERT INTO `likes_users` (`setter_user_id`, `getter_user_id`, `created_at`, `updated_at`) VALUES (34, 34, '2021-03-08 07:53:03', '2019-11-23 16:17:53');
INSERT INTO `likes_users` (`setter_user_id`, `getter_user_id`, `created_at`, `updated_at`) VALUES (35, 35, '1996-06-08 16:01:53', '2014-09-15 17:45:26');
INSERT INTO `likes_users` (`setter_user_id`, `getter_user_id`, `created_at`, `updated_at`) VALUES (36, 36, '1984-10-21 08:25:15', '2013-01-13 10:06:42');
INSERT INTO `likes_users` (`setter_user_id`, `getter_user_id`, `created_at`, `updated_at`) VALUES (37, 37, '1976-01-29 09:28:24', '1989-04-22 21:45:39');
INSERT INTO `likes_users` (`setter_user_id`, `getter_user_id`, `created_at`, `updated_at`) VALUES (38, 38, '1973-05-31 10:51:07', '2007-01-01 18:24:52');
INSERT INTO `likes_users` (`setter_user_id`, `getter_user_id`, `created_at`, `updated_at`) VALUES (39, 39, '1971-11-24 09:11:21', '1971-09-30 13:02:53');
INSERT INTO `likes_users` (`setter_user_id`, `getter_user_id`, `created_at`, `updated_at`) VALUES (40, 40, '2004-03-29 12:03:29', '2020-01-01 22:48:00');
INSERT INTO `likes_users` (`setter_user_id`, `getter_user_id`, `created_at`, `updated_at`) VALUES (41, 41, '1993-10-10 23:57:58', '1976-03-31 02:38:59');
INSERT INTO `likes_users` (`setter_user_id`, `getter_user_id`, `created_at`, `updated_at`) VALUES (42, 42, '1977-07-17 23:24:18', '1979-03-05 05:35:50');
INSERT INTO `likes_users` (`setter_user_id`, `getter_user_id`, `created_at`, `updated_at`) VALUES (43, 43, '1994-08-23 12:01:38', '1993-04-08 03:10:32');
INSERT INTO `likes_users` (`setter_user_id`, `getter_user_id`, `created_at`, `updated_at`) VALUES (44, 44, '2016-08-01 17:17:02', '1970-01-19 10:24:00');
INSERT INTO `likes_users` (`setter_user_id`, `getter_user_id`, `created_at`, `updated_at`) VALUES (45, 45, '1981-03-05 16:15:48', '1986-07-06 06:04:41');
INSERT INTO `likes_users` (`setter_user_id`, `getter_user_id`, `created_at`, `updated_at`) VALUES (46, 46, '2010-08-21 05:52:53', '2015-04-20 06:27:33');
INSERT INTO `likes_users` (`setter_user_id`, `getter_user_id`, `created_at`, `updated_at`) VALUES (47, 47, '1978-11-30 15:17:36', '1970-01-29 06:10:17');
INSERT INTO `likes_users` (`setter_user_id`, `getter_user_id`, `created_at`, `updated_at`) VALUES (48, 48, '2003-11-16 12:35:54', '1993-06-01 01:28:13');
INSERT INTO `likes_users` (`setter_user_id`, `getter_user_id`, `created_at`, `updated_at`) VALUES (49, 49, '2000-03-13 12:07:19', '1984-09-09 17:50:20');
INSERT INTO `likes_users` (`setter_user_id`, `getter_user_id`, `created_at`, `updated_at`) VALUES (50, 50, '2008-07-03 23:08:44', '1988-11-17 19:13:17');
INSERT INTO `likes_users` (`setter_user_id`, `getter_user_id`, `created_at`, `updated_at`) VALUES (51, 51, '2019-09-30 13:58:37', '1992-08-05 22:42:56');
INSERT INTO `likes_users` (`setter_user_id`, `getter_user_id`, `created_at`, `updated_at`) VALUES (52, 52, '1998-11-20 00:11:42', '1997-03-28 03:17:43');
INSERT INTO `likes_users` (`setter_user_id`, `getter_user_id`, `created_at`, `updated_at`) VALUES (53, 53, '2003-04-28 05:14:27', '1977-11-28 07:11:22');
INSERT INTO `likes_users` (`setter_user_id`, `getter_user_id`, `created_at`, `updated_at`) VALUES (54, 54, '1989-11-12 09:04:58', '1972-09-25 04:33:06');
INSERT INTO `likes_users` (`setter_user_id`, `getter_user_id`, `created_at`, `updated_at`) VALUES (55, 55, '1978-07-02 11:31:52', '1982-10-26 23:20:54');
INSERT INTO `likes_users` (`setter_user_id`, `getter_user_id`, `created_at`, `updated_at`) VALUES (56, 56, '1979-06-04 03:45:25', '1973-12-20 08:00:23');
INSERT INTO `likes_users` (`setter_user_id`, `getter_user_id`, `created_at`, `updated_at`) VALUES (57, 57, '2012-02-01 03:07:01', '1998-03-21 10:48:52');
INSERT INTO `likes_users` (`setter_user_id`, `getter_user_id`, `created_at`, `updated_at`) VALUES (58, 58, '2000-05-20 07:23:12', '1970-12-31 19:13:45');
INSERT INTO `likes_users` (`setter_user_id`, `getter_user_id`, `created_at`, `updated_at`) VALUES (59, 59, '1989-08-01 03:18:58', '2004-01-12 23:19:19');
INSERT INTO `likes_users` (`setter_user_id`, `getter_user_id`, `created_at`, `updated_at`) VALUES (60, 60, '1984-10-17 02:59:46', '2008-08-22 17:11:54');
INSERT INTO `likes_users` (`setter_user_id`, `getter_user_id`, `created_at`, `updated_at`) VALUES (61, 61, '2017-07-21 01:16:29', '1994-12-12 08:52:03');
INSERT INTO `likes_users` (`setter_user_id`, `getter_user_id`, `created_at`, `updated_at`) VALUES (62, 62, '1971-04-20 18:34:51', '2012-06-07 10:16:54');
INSERT INTO `likes_users` (`setter_user_id`, `getter_user_id`, `created_at`, `updated_at`) VALUES (63, 63, '1986-08-09 02:57:35', '2009-09-28 02:01:36');
INSERT INTO `likes_users` (`setter_user_id`, `getter_user_id`, `created_at`, `updated_at`) VALUES (64, 64, '2016-03-18 15:11:12', '2008-02-29 06:33:06');
INSERT INTO `likes_users` (`setter_user_id`, `getter_user_id`, `created_at`, `updated_at`) VALUES (65, 65, '1991-12-03 17:01:13', '2009-05-22 13:04:06');
INSERT INTO `likes_users` (`setter_user_id`, `getter_user_id`, `created_at`, `updated_at`) VALUES (66, 66, '2005-05-02 14:13:17', '1977-08-02 22:29:02');
INSERT INTO `likes_users` (`setter_user_id`, `getter_user_id`, `created_at`, `updated_at`) VALUES (67, 67, '1970-10-26 09:35:47', '1990-03-17 14:35:55');
INSERT INTO `likes_users` (`setter_user_id`, `getter_user_id`, `created_at`, `updated_at`) VALUES (68, 68, '2013-05-05 05:47:44', '2010-03-29 05:13:06');
INSERT INTO `likes_users` (`setter_user_id`, `getter_user_id`, `created_at`, `updated_at`) VALUES (69, 69, '2021-08-13 22:33:28', '1985-06-21 09:34:49');
INSERT INTO `likes_users` (`setter_user_id`, `getter_user_id`, `created_at`, `updated_at`) VALUES (70, 70, '1977-01-29 15:58:13', '1972-11-02 23:46:33');
INSERT INTO `likes_users` (`setter_user_id`, `getter_user_id`, `created_at`, `updated_at`) VALUES (71, 71, '2013-05-29 04:57:54', '1991-03-17 10:05:44');
INSERT INTO `likes_users` (`setter_user_id`, `getter_user_id`, `created_at`, `updated_at`) VALUES (72, 72, '2011-02-06 00:02:32', '1974-01-17 04:28:24');
INSERT INTO `likes_users` (`setter_user_id`, `getter_user_id`, `created_at`, `updated_at`) VALUES (73, 73, '1972-05-08 11:12:24', '2020-04-10 13:40:14');
INSERT INTO `likes_users` (`setter_user_id`, `getter_user_id`, `created_at`, `updated_at`) VALUES (74, 74, '1997-07-24 19:56:43', '1973-10-18 15:05:40');
INSERT INTO `likes_users` (`setter_user_id`, `getter_user_id`, `created_at`, `updated_at`) VALUES (75, 75, '1975-05-02 02:57:50', '1971-08-22 01:37:48');
INSERT INTO `likes_users` (`setter_user_id`, `getter_user_id`, `created_at`, `updated_at`) VALUES (76, 76, '1993-07-27 05:15:16', '1980-07-29 07:31:39');
INSERT INTO `likes_users` (`setter_user_id`, `getter_user_id`, `created_at`, `updated_at`) VALUES (77, 77, '2004-10-09 09:58:41', '1998-05-16 23:34:35');
INSERT INTO `likes_users` (`setter_user_id`, `getter_user_id`, `created_at`, `updated_at`) VALUES (78, 78, '1991-04-03 18:54:13', '1973-04-16 21:00:43');
INSERT INTO `likes_users` (`setter_user_id`, `getter_user_id`, `created_at`, `updated_at`) VALUES (79, 79, '2002-11-26 16:27:41', '2009-09-16 10:13:16');
INSERT INTO `likes_users` (`setter_user_id`, `getter_user_id`, `created_at`, `updated_at`) VALUES (80, 80, '2018-02-26 21:39:38', '2009-12-29 10:18:12');
INSERT INTO `likes_users` (`setter_user_id`, `getter_user_id`, `created_at`, `updated_at`) VALUES (81, 81, '1993-06-15 08:51:48', '2020-03-20 21:50:32');
INSERT INTO `likes_users` (`setter_user_id`, `getter_user_id`, `created_at`, `updated_at`) VALUES (82, 82, '1998-11-24 22:18:02', '1997-06-15 08:52:07');
INSERT INTO `likes_users` (`setter_user_id`, `getter_user_id`, `created_at`, `updated_at`) VALUES (83, 83, '2012-08-31 08:40:44', '1980-06-09 19:59:54');
INSERT INTO `likes_users` (`setter_user_id`, `getter_user_id`, `created_at`, `updated_at`) VALUES (84, 84, '1985-09-24 00:48:22', '2011-04-07 12:16:31');
INSERT INTO `likes_users` (`setter_user_id`, `getter_user_id`, `created_at`, `updated_at`) VALUES (85, 85, '1999-09-12 09:04:14', '1995-08-12 08:59:08');
INSERT INTO `likes_users` (`setter_user_id`, `getter_user_id`, `created_at`, `updated_at`) VALUES (86, 86, '1999-10-02 19:29:51', '2001-10-13 09:51:05');
INSERT INTO `likes_users` (`setter_user_id`, `getter_user_id`, `created_at`, `updated_at`) VALUES (87, 87, '2007-07-18 03:03:26', '1974-04-23 16:16:27');
INSERT INTO `likes_users` (`setter_user_id`, `getter_user_id`, `created_at`, `updated_at`) VALUES (88, 88, '1975-02-21 10:04:58', '1984-12-15 07:26:46');
INSERT INTO `likes_users` (`setter_user_id`, `getter_user_id`, `created_at`, `updated_at`) VALUES (89, 89, '1989-01-02 19:33:37', '2001-01-06 12:19:38');
INSERT INTO `likes_users` (`setter_user_id`, `getter_user_id`, `created_at`, `updated_at`) VALUES (90, 90, '2018-03-23 08:11:00', '1998-09-28 18:08:11');
INSERT INTO `likes_users` (`setter_user_id`, `getter_user_id`, `created_at`, `updated_at`) VALUES (91, 91, '1976-07-25 06:39:12', '2001-04-09 23:58:04');
INSERT INTO `likes_users` (`setter_user_id`, `getter_user_id`, `created_at`, `updated_at`) VALUES (92, 92, '1989-12-29 01:51:04', '1995-06-29 10:26:21');
INSERT INTO `likes_users` (`setter_user_id`, `getter_user_id`, `created_at`, `updated_at`) VALUES (93, 93, '2011-04-22 04:26:36', '1970-08-19 23:06:58');
INSERT INTO `likes_users` (`setter_user_id`, `getter_user_id`, `created_at`, `updated_at`) VALUES (94, 94, '1976-02-26 18:03:53', '1983-05-20 17:44:38');
INSERT INTO `likes_users` (`setter_user_id`, `getter_user_id`, `created_at`, `updated_at`) VALUES (95, 95, '1974-11-10 13:21:02', '1979-01-03 19:51:41');
INSERT INTO `likes_users` (`setter_user_id`, `getter_user_id`, `created_at`, `updated_at`) VALUES (96, 96, '1974-12-03 13:16:38', '2009-06-13 11:31:09');
INSERT INTO `likes_users` (`setter_user_id`, `getter_user_id`, `created_at`, `updated_at`) VALUES (97, 97, '2013-12-05 08:12:32', '2021-07-23 12:45:49');
INSERT INTO `likes_users` (`setter_user_id`, `getter_user_id`, `created_at`, `updated_at`) VALUES (98, 98, '2009-08-22 11:45:24', '1992-12-14 20:01:28');
INSERT INTO `likes_users` (`setter_user_id`, `getter_user_id`, `created_at`, `updated_at`) VALUES (99, 99, '2012-06-02 02:09:00', '1981-06-08 13:25:53');
INSERT INTO `likes_users` (`setter_user_id`, `getter_user_id`, `created_at`, `updated_at`) VALUES (100, 100, '2012-01-08 16:10:07', '2000-05-01 16:48:27');

UPDATE likes_users SET
	setter_user_id = FLOOR(1 + RAND() * 100),
    getter_user_id = FLOOR(1 + RAND() * 100) 
     WHERE setter_user_id < 200;
     
UPDATE communities_users SET
	community_id = FLOOR(1 + RAND() * 100),
    user_id = FLOOR(1 + RAND() * 100) 
     WHERE community_id < 200;
     
