USE booking;

INSERT INTO `users` (`id`, `name`, `surname`, `email`, `phone`, `birthday_at`, `sex`, `account_type`, `created_at`, `updated_at`) VALUES (1, 'Michael', 'Christiansen', 'green.kelly@example.com', '+498903554618', '1996-09-03', 'female', 'travaler', '1972-05-23 10:21:30', '1977-12-26 15:12:44');
INSERT INTO `users` (`id`, `name`, `surname`, `email`, `phone`, `birthday_at`, `sex`, `account_type`, `created_at`, `updated_at`) VALUES (2, 'Michele', 'Jones', 'nicolas.scotty@example.com', '+15477344140', '2004-04-23', 'female', 'owner', '2004-06-17 13:51:49', '2008-10-03 18:07:13');
INSERT INTO `users` (`id`, `name`, `surname`, `email`, `phone`, `birthday_at`, `sex`, `account_type`, `created_at`, `updated_at`) VALUES (3, 'Forrest', 'Thiel', 'katrine.stamm@example.org', '+219162712823', '2013-11-27', 'female', 'travaler', '1999-12-03 13:10:17', '2016-02-12 18:16:36');
INSERT INTO `users` (`id`, `name`, `surname`, `email`, `phone`, `birthday_at`, `sex`, `account_type`, `created_at`, `updated_at`) VALUES (4, 'Wilma', 'Runolfsson', 'jessie.rodriguez@example.net', '+721898436569', '1992-04-30', 'female', 'travaler', '2014-10-20 15:47:28', '2010-05-05 18:33:12');
INSERT INTO `users` (`id`, `name`, `surname`, `email`, `phone`, `birthday_at`, `sex`, `account_type`, `created_at`, `updated_at`) VALUES (5, 'Dena', 'Christiansen', 'dolores.weissnat@example.com', '+74110177789', '2019-10-28', 'female', 'owner', '1980-08-05 01:45:10', '2015-11-14 00:32:40');
INSERT INTO `users` (`id`, `name`, `surname`, `email`, `phone`, `birthday_at`, `sex`, `account_type`, `created_at`, `updated_at`) VALUES (6, 'Stella', 'Blanda', 'kayleigh60@example.org', '+108213366984', '2021-07-11', 'male', 'travaler', '1989-12-22 10:08:39', '2001-06-11 03:08:38');
INSERT INTO `users` (`id`, `name`, `surname`, `email`, `phone`, `birthday_at`, `sex`, `account_type`, `created_at`, `updated_at`) VALUES (7, 'Monserrat', 'Abbott', 'gleason.courtney@example.com', '+170255495861', '1986-12-16', 'male', 'travaler', '1997-06-09 06:46:30', '1995-07-13 00:30:30');
INSERT INTO `users` (`id`, `name`, `surname`, `email`, `phone`, `birthday_at`, `sex`, `account_type`, `created_at`, `updated_at`) VALUES (8, 'Omer', 'Corkery', 'mozelle60@example.net', '+117726393025', '2002-10-06', 'female', 'travaler', '2016-11-16 09:54:38', '1994-11-29 20:27:45');
INSERT INTO `users` (`id`, `name`, `surname`, `email`, `phone`, `birthday_at`, `sex`, `account_type`, `created_at`, `updated_at`) VALUES (9, 'Rick', 'Spinka', 'casper.bart@example.org', '+850621389789', '1979-04-16', 'female', 'travaler', '1990-01-16 15:49:59', '2003-11-21 05:37:49');
INSERT INTO `users` (`id`, `name`, `surname`, `email`, `phone`, `birthday_at`, `sex`, `account_type`, `created_at`, `updated_at`) VALUES (10, 'Ernest', 'Douglas', 'dicki.salvador@example.org', '+5617073973073', '1990-06-27', 'female', 'owner', '2008-09-07 23:28:07', '1991-04-25 07:02:45');

INSERT INTO `currencies` (`id`, `currency_name`, `currency_code`, `exchange_rate_to_usd`, `created_at`, `updated_at`) VALUES (1, 'United States dollar', 'USD', '1.0000', '1986-06-24 14:24:40', '1996-12-07 15:06:32');
INSERT INTO `currencies` (`id`, `currency_name`, `currency_code`, `exchange_rate_to_usd`, `created_at`, `updated_at`) VALUES (2, 'Euro', 'EUR', '1.1700', '2003-11-29 08:14:51', '1999-10-14 22:59:30');
INSERT INTO `currencies` (`id`, `currency_name`, `currency_code`, `exchange_rate_to_usd`, `created_at`, `updated_at`) VALUES (3, 'Israeli new shekel', 'ILS', '0.3130', '2012-11-27 00:46:48', '1979-06-28 04:07:15');
INSERT INTO `currencies` (`id`, `currency_name`, `currency_code`, `exchange_rate_to_usd`, `created_at`, `updated_at`) VALUES (4, 'Japanese yen', 'JPY', '0.0090', '2001-08-02 09:18:02', '2016-04-27 11:58:27');
INSERT INTO `currencies` (`id`, `currency_name`, `currency_code`, `exchange_rate_to_usd`, `created_at`, `updated_at`) VALUES (5, 'Russian ruble', 'RUB', '0.0140', '2001-01-19 15:05:04', '1999-06-09 01:55:00');
INSERT INTO `currencies` (`id`, `currency_name`, `currency_code`, `exchange_rate_to_usd`, `created_at`, `updated_at`) VALUES (6, 'Qatari riyal', 'QAR', '0.2700', '1995-08-04 23:11:31', '2014-05-03 18:53:03');

INSERT INTO `profiles` (`user_id`, `country`, `city`, `postcode`, `address`, `currency_id`, `created_at`, `updated_at`) VALUES (1, 'Venezuela', 'New Sabryna', '803', '728 Wyman Path Apt. 535\nGunnarland, ME 99480-8566', 1, '2009-01-03 04:17:42', '2021-09-16 14:11:58');
INSERT INTO `profiles` (`user_id`, `country`, `city`, `postcode`, `address`, `currency_id`, `created_at`, `updated_at`) VALUES (2, 'Cote d\'Ivoire', 'Rennerburgh', '016', '358 Tia Oval\nWest Eli, MA 78660-0308', 2, '1974-06-20 00:02:56', '2017-07-19 02:14:46');
INSERT INTO `profiles` (`user_id`, `country`, `city`, `postcode`, `address`, `currency_id`, `created_at`, `updated_at`) VALUES (3, 'Ukraine', 'East Kurtisland', '969', '1562 McGlynn Meadows Apt. 900\nBogisichfort, CT 71841', 3, '2006-01-02 23:16:33', '2000-04-11 12:56:54');
INSERT INTO `profiles` (`user_id`, `country`, `city`, `postcode`, `address`, `currency_id`, `created_at`, `updated_at`) VALUES (4, 'Wallis and Futuna', 'North Sammy', '902', '45638 Stamm View\nGissellechester, TX 32099', 4, '2010-07-15 02:25:14', '1971-01-04 22:24:42');
INSERT INTO `profiles` (`user_id`, `country`, `city`, `postcode`, `address`, `currency_id`, `created_at`, `updated_at`) VALUES (5, 'Macedonia', 'Ronaldoside', '202', '808 Runolfsson Square Apt. 875\nLaishaborough, VT 55416-8315', 5, '1988-07-29 10:24:17', '1975-01-12 00:01:24');
INSERT INTO `profiles` (`user_id`, `country`, `city`, `postcode`, `address`, `currency_id`, `created_at`, `updated_at`) VALUES (6, 'Syrian Arab Republic', 'South Claudport', '631', '03018 Breitenberg Forge Apt. 432\nWest Olliemouth, OR 66568-4118', 6, '1980-09-06 06:09:08', '1978-11-27 20:51:07');
INSERT INTO `profiles` (`user_id`, `country`, `city`, `postcode`, `address`, `currency_id`, `created_at`, `updated_at`) VALUES (7, 'Djibouti', 'Rossstad', '979', '774 Pouros Cliff Suite 019\nWest Anita, AZ 19329', 4, '1995-01-08 03:57:09', '1978-03-15 04:12:59');
INSERT INTO `profiles` (`user_id`, `country`, `city`, `postcode`, `address`, `currency_id`, `created_at`, `updated_at`) VALUES (8, 'Burundi', 'West Rosalyn', '638', '734 Stacey Run\nPort Kamille, MD 64546', 5, '2021-02-13 20:45:08', '1976-06-19 18:01:19');
INSERT INTO `profiles` (`user_id`, `country`, `city`, `postcode`, `address`, `currency_id`, `created_at`, `updated_at`) VALUES (9, 'British Indian Ocean Territory (Chagos Archipelago)', 'DuBuquehaven', '298', '5445 Schiller Spurs\nNorth Dagmarburgh, RI 70441-2703', 2, '1970-04-10 17:02:16', '2015-04-21 07:22:04');
INSERT INTO `profiles` (`user_id`, `country`, `city`, `postcode`, `address`, `currency_id`, `created_at`, `updated_at`) VALUES (10, 'Malaysia', 'Roderickberg', '114', '8002 Rau Heights Suite 624\nWest Delaney, GA 88214', 4, '1982-12-14 01:56:05', '2002-12-04 16:13:03');


INSERT INTO `property_types` (`id`, `property_type`, `created_at`, `updated_at`) VALUES (1, 'Apartament', '2017-10-07 12:44:37', '1991-01-09 05:05:34');
INSERT INTO `property_types` (`id`, `property_type`, `created_at`, `updated_at`) VALUES (2, 'Hotel', '2004-10-28 12:07:30', '2001-04-21 23:58:30');
INSERT INTO `property_types` (`id`, `property_type`, `created_at`, `updated_at`) VALUES (3, 'Hostel', '2015-08-12 22:00:40', '1994-12-16 06:28:34');
INSERT INTO `property_types` (`id`, `property_type`, `created_at`, `updated_at`) VALUES (4, 'Motel', '1994-11-05 22:33:18', '2012-05-24 13:23:21');
INSERT INTO `property_types` (`id`, `property_type`, `created_at`, `updated_at`) VALUES (5, 'Guesthouse', '1970-09-04 16:47:43', '2017-11-02 00:29:31');
INSERT INTO `property_types` (`id`, `property_type`, `created_at`, `updated_at`) VALUES (6, 'Resort', '2013-08-27 14:38:28', '1988-07-09 14:35:52');
INSERT INTO `property_types` (`id`, `property_type`, `created_at`, `updated_at`) VALUES (7, 'Villa', '1979-11-16 14:56:26', '1972-08-15 18:02:38');
INSERT INTO `property_types` (`id`, `property_type`, `created_at`, `updated_at`) VALUES (8, 'Bed and Breakfast', '1977-05-18 09:49:07', '1982-09-17 10:13:27');
INSERT INTO `property_types` (`id`, `property_type`, `created_at`, `updated_at`) VALUES (9, 'Chalet', '1981-02-10 19:43:12', '1985-02-12 22:52:43');
INSERT INTO `property_types` (`id`, `property_type`, `created_at`, `updated_at`) VALUES (10, 'Vacation Home', '1979-03-30 04:10:29', '2020-02-19 19:32:01');

INSERT INTO `properties` (`id`, `property_name`, `property_type_id`, `country`, `city`, `postcode`, `address`, `currency_id`, `created_at`, `updated_at`) VALUES (1, 'est', 1, 'Niue', 'Leoraland', '705', '3867 Litzy Extension\nKubport, AR 34748', 1, '2016-05-16 19:19:47', '2005-05-26 11:26:42');
INSERT INTO `properties` (`id`, `property_name`, `property_type_id`, `country`, `city`, `postcode`, `address`, `currency_id`, `created_at`, `updated_at`) VALUES (2, 'molestiae', 2, 'Hong Kong', 'Hoegerview', '107', '93147 Schamberger River Apt. 132\nSouth Leda, KY 22493-5662', 2, '2019-09-13 18:41:10', '1974-04-22 06:58:38');
INSERT INTO `properties` (`id`, `property_name`, `property_type_id`, `country`, `city`, `postcode`, `address`, `currency_id`, `created_at`, `updated_at`) VALUES (3, 'adipisci', 3, 'Mauritania', 'Loyalborough', '555', '94571 Rubye Unions Apt. 258\nSouth Sebastianstad, CT 53885-6043', 3, '1991-02-27 06:47:31', '2019-06-27 15:03:02');
INSERT INTO `properties` (`id`, `property_name`, `property_type_id`, `country`, `city`, `postcode`, `address`, `currency_id`, `created_at`, `updated_at`) VALUES (4, 'at', 4, 'Guatemala', 'South Rosemarieview', '771', '74872 Mohr Grove Apt. 637\nNorth Delores, WI 30348-1018', 4, '1987-04-07 18:03:04', '2017-06-04 21:19:15');
INSERT INTO `properties` (`id`, `property_name`, `property_type_id`, `country`, `city`, `postcode`, `address`, `currency_id`, `created_at`, `updated_at`) VALUES (5, 'culpa', 5, 'Burkina Faso', 'Port Dominichaven', '836', '86434 Heaney Vista\nWest Elenor, OR 87426-4218', 5, '1981-08-07 23:48:02', '1971-10-26 10:41:14');
INSERT INTO `properties` (`id`, `property_name`, `property_type_id`, `country`, `city`, `postcode`, `address`, `currency_id`, `created_at`, `updated_at`) VALUES (6, 'eos', 6, 'Saint Pierre and Miquelon', 'Elinorland', '414', '5668 Leuschke Parks Apt. 047\nJedidiahborough, NH 96433-1728', 6, '1979-12-24 05:32:47', '1982-12-12 01:29:41');
INSERT INTO `properties` (`id`, `property_name`, `property_type_id`, `country`, `city`, `postcode`, `address`, `currency_id`, `created_at`, `updated_at`) VALUES (7, 'eaque', 7, 'Palestinian Territory', 'Brantland', '315', '8253 Tabitha Valleys\nSouth Wilhelmine, ND 05698-8961', 5, '2015-01-31 18:42:13', '2008-07-30 20:31:12');
INSERT INTO `properties` (`id`, `property_name`, `property_type_id`, `country`, `city`, `postcode`, `address`, `currency_id`, `created_at`, `updated_at`) VALUES (8, 'adipisci', 8, 'Syrian Arab Republic', 'New Keonhaven', '382', '5108 Koss Union\nNew Domingo, IA 77610-6825', 1, '2021-02-23 01:17:06', '1981-07-12 11:14:48');
INSERT INTO `properties` (`id`, `property_name`, `property_type_id`, `country`, `city`, `postcode`, `address`, `currency_id`, `created_at`, `updated_at`) VALUES (9, 'voluptatem', 9, 'American Samoa', 'Port Alejandrafort', '929', '815 Erin Creek Apt. 732\nWest Fletcherchester, MN 18117', 4, '1975-07-12 05:48:03', '1993-06-15 03:08:40');
INSERT INTO `properties` (`id`, `property_name`, `property_type_id`, `country`, `city`, `postcode`, `address`, `currency_id`, `created_at`, `updated_at`) VALUES (10, 'voluptates', 10, 'Macao', 'South Sinceremouth', '295', '196 Vallie Village Apt. 432\nNorth Mathilde, WI 17847', 6, '1997-01-17 16:34:49', '2009-05-21 16:56:19');
INSERT INTO `properties` (`id`, `property_name`, `property_type_id`, `country`, `city`, `postcode`, `address`, `currency_id`, `created_at`, `updated_at`) VALUES (11, 'brininfat', 2, 'Macao', 'South Sinceremouth', '233', '123 Vallie Village Apt. 4452\nNorth Mathilde, WI 17847', 6, '2005-01-17 16:34:49', '2010-05-21 16:56:19');

INSERT INTO `owners_properties` (`user_id`, `property_id`, `created_at`, `updated_at`) VALUES (1, 1, '1989-03-28 09:01:53', '1971-05-17 13:54:54');
INSERT INTO `owners_properties` (`user_id`, `property_id`, `created_at`, `updated_at`) VALUES (2, 2, '1988-01-02 18:12:14', '2003-11-18 11:33:11');
INSERT INTO `owners_properties` (`user_id`, `property_id`, `created_at`, `updated_at`) VALUES (3, 3, '2014-11-16 09:51:17', '2003-12-04 10:29:18');
INSERT INTO `owners_properties` (`user_id`, `property_id`, `created_at`, `updated_at`) VALUES (4, 4, '1984-02-16 18:08:20', '1995-11-25 06:42:50');
INSERT INTO `owners_properties` (`user_id`, `property_id`, `created_at`, `updated_at`) VALUES (5, 4, '2016-01-29 12:15:44', '2001-12-02 10:47:16');
INSERT INTO `owners_properties` (`user_id`, `property_id`, `created_at`, `updated_at`) VALUES (6, 4, '1993-11-12 04:29:30', '2011-01-23 04:47:39');
INSERT INTO `owners_properties` (`user_id`, `property_id`, `created_at`, `updated_at`) VALUES (7, 7, '2009-11-12 02:36:07', '2018-04-04 18:30:12');
INSERT INTO `owners_properties` (`user_id`, `property_id`, `created_at`, `updated_at`) VALUES (8, 8, '1985-05-15 02:58:15', '2009-05-02 17:12:48');
INSERT INTO `owners_properties` (`user_id`, `property_id`, `created_at`, `updated_at`) VALUES (9, 2, '1979-12-03 18:46:58', '1984-07-30 20:14:42');
INSERT INTO `owners_properties` (`user_id`, `property_id`, `created_at`, `updated_at`) VALUES (10, 10, '2003-09-18 10:47:12', '1997-05-01 07:29:40');

INSERT INTO `meals` (`id`, `meal_type`, `created_at`, `updated_at`) VALUES (1, 'Without meal', '2001-05-02 19:00:42', '1991-12-07 02:51:59');
INSERT INTO `meals` (`id`, `meal_type`, `created_at`, `updated_at`) VALUES (2, 'Breakfast', '1975-06-18 06:26:57', '2013-01-21 01:38:08');
INSERT INTO `meals` (`id`, `meal_type`, `created_at`, `updated_at`) VALUES (3, 'Half board', '1989-07-05 10:16:41', '2005-11-21 13:50:14');
INSERT INTO `meals` (`id`, `meal_type`, `created_at`, `updated_at`) VALUES (4, 'Full board', '1999-11-27 10:22:49', '2001-05-29 01:17:02');
INSERT INTO `meals` (`id`, `meal_type`, `created_at`, `updated_at`) VALUES (5, 'All inclusive', '1987-05-20 13:33:04', '1996-09-21 22:30:56');
INSERT INTO `meals` (`id`, `meal_type`, `created_at`, `updated_at`) VALUES (6, 'Ultra All inclusive', '1988-06-29 00:47:23', '2006-06-14 06:19:43');

INSERT INTO `properties_meals` (`id`, `property_id`, `meal_type_id`, `price`, `created_at`, `updated_at`) VALUES (1, 1, 1, 2, '2000-06-23 22:00:42', '2016-11-12 11:52:02');
INSERT INTO `properties_meals` (`id`, `property_id`, `meal_type_id`, `price`, `created_at`, `updated_at`) VALUES (2, 2, 2, 72596939, '1989-10-02 02:39:00', '2001-11-28 04:22:08');
INSERT INTO `properties_meals` (`id`, `property_id`, `meal_type_id`, `price`, `created_at`, `updated_at`) VALUES (3, 2, 1, 0, '1992-10-26 09:29:19', '2003-09-13 05:20:04');
INSERT INTO `properties_meals` (`id`, `property_id`, `meal_type_id`, `price`, `created_at`, `updated_at`) VALUES (4, 2, 2, 5, '1978-04-13 23:40:10', '1988-05-22 02:31:01');
INSERT INTO `properties_meals` (`id`, `property_id`, `meal_type_id`, `price`, `created_at`, `updated_at`) VALUES (5, 5, 1, 38496318, '2003-12-04 04:05:37', '2000-02-12 22:40:58');
INSERT INTO `properties_meals` (`id`, `property_id`, `meal_type_id`, `price`, `created_at`, `updated_at`) VALUES (6, 5, 2, 121, '2015-10-07 21:29:19', '1980-03-27 23:14:16');
INSERT INTO `properties_meals` (`id`, `property_id`, `meal_type_id`, `price`, `created_at`, `updated_at`) VALUES (7, 7, 5, 64, '1991-08-16 12:16:06', '1990-05-17 05:45:51');
INSERT INTO `properties_meals` (`id`, `property_id`, `meal_type_id`, `price`, `created_at`, `updated_at`) VALUES (8, 8, 6, 38118, '1991-01-11 23:39:03', '1997-06-28 21:40:21');
INSERT INTO `properties_meals` (`id`, `property_id`, `meal_type_id`, `price`, `created_at`, `updated_at`) VALUES (9, 9, 2, 10981504, '2013-06-29 05:16:34', '1980-07-21 01:17:22');
INSERT INTO `properties_meals` (`id`, `property_id`, `meal_type_id`, `price`, `created_at`, `updated_at`) VALUES (10, 10, 4, 353962738, '2006-12-15 04:19:14', '2013-08-05 20:38:45');
INSERT INTO `properties_meals` (`id`, `property_id`, `meal_type_id`, `price`, `created_at`, `updated_at`) VALUES (11, 4, 2, 365, '2008-11-15 04:19:14', '2013-08-05 20:38:45');

INSERT INTO `room_types` (`id`, `room_type`, `guests`, `additonal_children`, `created_at`, `updated_at`) VALUES (1, 'Standart double', 2, 1, '1988-08-18 02:59:24', '1982-09-09 04:55:07');
INSERT INTO `room_types` (`id`, `room_type`, `guests`, `additonal_children`, `created_at`, `updated_at`) VALUES (2, 'Standart twin', 2, 1, '2002-08-30 12:09:17', '1988-05-30 22:42:42');
INSERT INTO `room_types` (`id`, `room_type`, `guests`, `additonal_children`, `created_at`, `updated_at`) VALUES (3, 'Comfort double', 2, 2, '2003-02-22 00:13:13', '1975-11-04 23:45:26');
INSERT INTO `room_types` (`id`, `room_type`, `guests`, `additonal_children`, `created_at`, `updated_at`) VALUES (4, 'Comfort twin', 2, 2, '1982-06-18 07:06:56', '1984-01-12 10:37:26');
INSERT INTO `room_types` (`id`, `room_type`, `guests`, `additonal_children`, `created_at`, `updated_at`) VALUES (5, 'Deluxe double', 2, 2, '2000-01-30 10:33:05', '1997-01-16 04:49:26');
INSERT INTO `room_types` (`id`, `room_type`, `guests`, `additonal_children`, `created_at`, `updated_at`) VALUES (6, 'Deluxe triple', 3, 2, '1988-07-21 04:23:18', '1980-05-14 20:39:02');
INSERT INTO `room_types` (`id`, `room_type`, `guests`, `additonal_children`, `created_at`, `updated_at`) VALUES (7, 'Family room', 3, 2, '2002-05-11 03:31:19', '2016-09-11 09:02:18');
INSERT INTO `room_types` (`id`, `room_type`, `guests`, `additonal_children`, `created_at`, `updated_at`) VALUES (8, 'Studio', 2, 1, '1996-06-06 23:44:08', '1972-11-23 21:09:59');
INSERT INTO `room_types` (`id`, `room_type`, `guests`, `additonal_children`, `created_at`, `updated_at`) VALUES (9, 'Standart single', 1, 0, '2014-09-16 14:53:36', '1974-07-19 14:03:41');
INSERT INTO `room_types` (`id`, `room_type`, `guests`, `additonal_children`, `created_at`, `updated_at`) VALUES (10, 'Comfort single', 1, 1, '2019-10-09 14:07:37', '1971-02-01 07:02:26');

INSERT INTO `properties_rooms` (`id`, `property_id`, `room_type_id`, `room_size`, `price`, `quantity`, `created_at`, `updated_at`) VALUES (1, 1, 1, 2424970, 45, 2514, '1992-01-02 14:04:43', '2018-06-10 01:09:36');
INSERT INTO `properties_rooms` (`id`, `property_id`, `room_type_id`, `room_size`, `price`, `quantity`, `created_at`, `updated_at`) VALUES (2, 4, 2, 73, 3401319, 162, '2000-08-23 05:39:40', '1979-04-11 10:34:20');
INSERT INTO `properties_rooms` (`id`, `property_id`, `room_type_id`, `room_size`, `price`, `quantity`, `created_at`, `updated_at`) VALUES (3, 3, 3, 8656, 1249974, 37469, '1986-01-28 14:32:53', '1974-05-11 18:42:53');
INSERT INTO `properties_rooms` (`id`, `property_id`, `room_type_id`, `room_size`, `price`, `quantity`, `created_at`, `updated_at`) VALUES (4, 4, 4, 1, 1, 26309386, '2013-10-11 13:44:22', '1993-11-03 06:13:19');
INSERT INTO `properties_rooms` (`id`, `property_id`, `room_type_id`, `room_size`, `price`, `quantity`, `created_at`, `updated_at`) VALUES (5, 8, 5, 1876029, 7889, 4, '1998-09-07 13:23:17', '1986-02-01 22:19:18');
INSERT INTO `properties_rooms` (`id`, `property_id`, `room_type_id`, `room_size`, `price`, `quantity`, `created_at`, `updated_at`) VALUES (6, 6, 6, 528, 26, 741, '1979-01-20 02:53:29', '1972-01-23 18:08:35');
INSERT INTO `properties_rooms` (`id`, `property_id`, `room_type_id`, `room_size`, `price`, `quantity`, `created_at`, `updated_at`) VALUES (7, 7, 5, 40731190, 10609548, 56, '1988-01-08 20:04:30', '1984-12-15 19:02:23');
INSERT INTO `properties_rooms` (`id`, `property_id`, `room_type_id`, `room_size`, `price`, `quantity`, `created_at`, `updated_at`) VALUES (8, 8, 8, 656627, 7881, 2815, '1971-04-01 08:56:16', '2008-06-28 15:27:45');
INSERT INTO `properties_rooms` (`id`, `property_id`, `room_type_id`, `room_size`, `price`, `quantity`, `created_at`, `updated_at`) VALUES (9, 4, 9, 989, 3, 4938, '1999-04-10 04:01:10', '1978-10-02 02:34:13');
INSERT INTO `properties_rooms` (`id`, `property_id`, `room_type_id`, `room_size`, `price`, `quantity`, `created_at`, `updated_at`) VALUES (10, 10, 10, 5758293, 45, 3, '1989-05-13 08:02:43', '1984-11-04 17:25:38');
INSERT INTO `properties_rooms` (`id`, `property_id`, `room_type_id`, `room_size`, `price`, `quantity`, `created_at`, `updated_at`) VALUES (11, 11, 4, 57, 56677, 2, '1990-05-13 08:02:43', '2009-11-04 17:25:38');

INSERT INTO `reviews` (`id`, `property_id`, `user_id`, `rating`, `benefits`, `disadvantages`, `is_moderated`, `created_at`, `updated_at`) VALUES (1, 1, 1, 9, 'Hic soluta nemo ipsa asperiores voluptatibus inventore magnam. Ipsam eveniet repudiandae accusantium suscipit enim qui. Quisquam explicabo temporibus ut explicabo quo magni maiores.', 'Est cupiditate rem praesentium odio nam alias. At in assumenda aut molestiae. Sed accusamus ut veniam consequatur aperiam est.', 1, '2007-02-13 00:23:52', '1989-03-12 14:43:21');
INSERT INTO `reviews` (`id`, `property_id`, `user_id`, `rating`, `benefits`, `disadvantages`, `is_moderated`, `created_at`, `updated_at`) VALUES (2, 2, 2, 9, 'Dolor ullam labore aut quia illum quia laborum. Sed harum incidunt debitis incidunt corporis dicta. Saepe cumque autem enim magni.', 'Vel minima animi perspiciatis. Rerum eos ex est enim. Est labore cum excepturi. Aut quae explicabo ex ducimus dolor.', 0, '1972-06-21 23:56:50', '1988-11-14 12:02:11');
INSERT INTO `reviews` (`id`, `property_id`, `user_id`, `rating`, `benefits`, `disadvantages`, `is_moderated`, `created_at`, `updated_at`) VALUES (3, 3, 6, 7, 'Est dolores minus aperiam laudantium doloribus vero soluta. Veniam reprehenderit molestias voluptas in ad temporibus blanditiis. Dolor aut et incidunt consequatur minus cupiditate laborum.', 'Quo libero est rerum expedita minus laboriosam ipsa sit. Consequatur et possimus quia ut aut. Ratione amet facere facere sed. Architecto quia error tempora quam magnam.', 0, '1996-04-17 08:03:40', '1998-10-04 06:38:22');
INSERT INTO `reviews` (`id`, `property_id`, `user_id`, `rating`, `benefits`, `disadvantages`, `is_moderated`, `created_at`, `updated_at`) VALUES (4, 6, 4, 5, 'Sit libero esse aperiam et numquam illum sed. Dolores repudiandae alias et aut. Qui tempore aut qui sit.', 'Rem voluptatem voluptas rerum illum eaque amet ut. Eius dicta ea dolorem quis deserunt voluptas. Sapiente placeat nihil et eius labore.', 1, '1982-05-01 20:29:25', '2018-07-03 03:08:10');
INSERT INTO `reviews` (`id`, `property_id`, `user_id`, `rating`, `benefits`, `disadvantages`, `is_moderated`, `created_at`, `updated_at`) VALUES (5, 5, 5, 7, 'Sint et corporis autem aliquid et. Ea quos enim nihil iste suscipit sed ipsam. In cum alias cumque enim sed illo rem dolor.', 'Deleniti aliquam dicta deleniti. Harum unde earum cupiditate inventore consectetur. Harum velit dolorum expedita quod corrupti et.', 1, '2018-03-23 13:26:24', '1986-10-29 04:34:11');
INSERT INTO `reviews` (`id`, `property_id`, `user_id`, `rating`, `benefits`, `disadvantages`, `is_moderated`, `created_at`, `updated_at`) VALUES (6, 6, 6, 8, 'Fugit quisquam sit esse eaque. Delectus dicta eius fuga aut sint quia consequuntur. Qui mollitia cumque aut suscipit vel sed est quisquam. Voluptas eius saepe molestiae unde quos voluptatem hic.', 'Temporibus cum beatae et dolorem ratione. Beatae accusantium fugiat odit voluptatem vero dolorem exercitationem libero. Ab quam nostrum quos non deleniti qui. Quis sint est ab fugiat porro dolor.', 1, '1991-09-05 17:03:16', '1989-12-17 07:33:59');
INSERT INTO `reviews` (`id`, `property_id`, `user_id`, `rating`, `benefits`, `disadvantages`, `is_moderated`, `created_at`, `updated_at`) VALUES (7, 6, 7, 2, 'Aut voluptatibus repudiandae facere quas laudantium rem. Facere debitis enim maiores fuga quia. Suscipit rem commodi vero. Eos a tenetur aliquid vel minima minus.', 'Dolor est consequatur voluptate et odit. Et sequi voluptatem inventore esse omnis quas debitis. Eveniet quod molestias reiciendis quidem accusantium reiciendis voluptas.', 1, '2017-11-03 20:23:26', '1997-11-04 15:50:07');
INSERT INTO `reviews` (`id`, `property_id`, `user_id`, `rating`, `benefits`, `disadvantages`, `is_moderated`, `created_at`, `updated_at`) VALUES (8, 8, 8, 9, 'In cum alias sit ab sapiente laudantium vero. Nulla non exercitationem sit fuga temporibus ut vel. Voluptas modi aut aut non vel consequuntur. Et eaque earum dolore aliquam.', 'Repellendus ea dolorem quis nemo nam rerum necessitatibus. Laudantium vitae dolor numquam voluptas corrupti et non accusamus. Ab provident hic necessitatibus.', 0, '2007-06-24 20:01:26', '1989-08-10 11:24:18');
INSERT INTO `reviews` (`id`, `property_id`, `user_id`, `rating`, `benefits`, `disadvantages`, `is_moderated`, `created_at`, `updated_at`) VALUES (9, 9, 1, 6, 'Quia dolorum consectetur est voluptates at laborum aut. Tenetur atque doloremque aut ab cumque quia. Deleniti aut doloremque eum eum et libero quas.', 'Exercitationem aspernatur est et officia qui culpa quae. Enim sunt eaque magni eveniet et necessitatibus. Molestias illo eligendi perferendis libero exercitationem. Eum quae voluptatem enim nemo numquam corporis cumque.', 1, '1983-12-09 16:56:09', '2013-08-16 14:18:25');
INSERT INTO `reviews` (`id`, `property_id`, `user_id`, `rating`, `benefits`, `disadvantages`, `is_moderated`, `created_at`, `updated_at`) VALUES (10, 10, 10, 10, 'Iure quas sit omnis dolorum doloremque doloremque eum. Omnis aut aut voluptatem nisi. Minima dolore et blanditiis dolor sit in quo. Est quam deleniti aut aspernatur voluptatem qui beatae.', 'Soluta corrupti dolores dolores repudiandae nihil non est. Voluptas nulla error repellat et numquam perspiciatis. Minus corrupti molestiae quibusdam cupiditate aspernatur adipisci.', 0, '2012-06-02 05:03:41', '2008-07-29 08:52:14');

INSERT INTO `bookings` (`id`, `properties_rooms_id`, `user_id`, `check_in_date`, `nights`, `guests`, `children`, `meal_type_id`, `created_at`, `updated_at`) VALUES (1, 1, 1, '1987-05-21', 2, 2, 1, 1, '1980-04-14 16:13:26', '2008-11-25 13:31:49');
INSERT INTO `bookings` (`id`, `properties_rooms_id`, `user_id`, `check_in_date`, `nights`, `guests`, `children`, `meal_type_id`, `created_at`, `updated_at`) VALUES (2, 2, 6, '1986-08-02', 8, 3, 0, 2, '1973-11-12 14:54:49', '1986-08-23 00:33:53');
INSERT INTO `bookings` (`id`, `properties_rooms_id`, `user_id`, `check_in_date`, `nights`, `guests`, `children`, `meal_type_id`, `created_at`, `updated_at`) VALUES (3, 7, 3, '2003-02-10', 6, 1, 1, 3, '2007-06-18 11:06:33', '2020-01-03 17:08:06');
INSERT INTO `bookings` (`id`, `properties_rooms_id`, `user_id`, `check_in_date`, `nights`, `guests`, `children`, `meal_type_id`, `created_at`, `updated_at`) VALUES (4, 4, 2, '1992-08-11', 8, 2, 0, 4, '1998-10-10 20:58:58', '2019-02-14 09:16:56');
INSERT INTO `bookings` (`id`, `properties_rooms_id`, `user_id`, `check_in_date`, `nights`, `guests`, `children`, `meal_type_id`, `created_at`, `updated_at`) VALUES (5, 4, 5, '2015-10-20', 6, 3, 2, 5, '1994-07-25 17:50:08', '2020-11-03 23:04:11');
INSERT INTO `bookings` (`id`, `properties_rooms_id`, `user_id`, `check_in_date`, `nights`, `guests`, `children`, `meal_type_id`, `created_at`, `updated_at`) VALUES (6, 6, 1, '1998-04-05', 9, 2, 2, 6, '1997-08-06 13:19:38', '1999-01-18 15:04:40');
INSERT INTO `bookings` (`id`, `properties_rooms_id`, `user_id`, `check_in_date`, `nights`, `guests`, `children`, `meal_type_id`, `created_at`, `updated_at`) VALUES (7, 2, 7, '1999-01-12', 2, 2, 1, 1, '2004-07-04 10:05:45', '1971-04-25 20:34:54');
INSERT INTO `bookings` (`id`, `properties_rooms_id`, `user_id`, `check_in_date`, `nights`, `guests`, `children`, `meal_type_id`, `created_at`, `updated_at`) VALUES (8, 8, 4, '1985-05-04', 8, 1, 1, 3, '1984-10-20 18:12:13', '2000-01-19 07:00:40');
INSERT INTO `bookings` (`id`, `properties_rooms_id`, `user_id`, `check_in_date`, `nights`, `guests`, `children`, `meal_type_id`, `created_at`, `updated_at`) VALUES (9, 9, 9, '1974-09-15', 7, 3, 0, 4, '1980-04-29 05:32:59', '2003-09-08 09:11:34');
INSERT INTO `bookings` (`id`, `properties_rooms_id`, `user_id`, `check_in_date`, `nights`, `guests`, `children`, `meal_type_id`, `created_at`, `updated_at`) VALUES (10, 10, 3, '1979-12-27', 7, 1, 1, 5, '1978-10-31 16:55:19', '2010-04-15 13:21:55');

